Kabupaten/Kota,IKAN,Ekor kuning,"Tongkol, tuna, cakalang, dencis, ikan kayu",Tongkol,Tuna,"Cakalang,dencis",Tenggiri,Selar,"Kembung, lema/tatare, banyar/banyara",Teri,Bandeng,Gabus,Mujair,"Mas, nila",Mas,Nila,Lele,Kakap,Baronang,Patin,Bawal,Gurame,Ikan segar/basah lainnya,"Udang, lobster","Cumi-cumi, sotong, gurita","Ketam, kepiting, rajungan","Kerang, siput, bekicot, remis",Udang dan hewan air lainnya yang segar lainnya,Kembung diawetkan/peda,Tenggiri diawetkan,Tongkol/tuna/cakalang diawetkan,Teri diawetkan,Selar diawetkan,Sepat diawetkan,Bandeng diawetkan,Gabus diawetkan,"Ikan dalam kaleng (sardencis, tuna dalam kaleng, dsb)",Ikan diawetkan lainnya,"Udang diawetkan (ebi, rebon)","Cumi-cumi, sotong, gurita diawetkan",ang dan hewan air lainnya yang diawetkan
Simeulue,16810,1298,-,5002,265,534,295,1734,1151,527,256,194,287,-,44,96,166,122,44,3,49,36,1002,858,1645,246,134,301,5,9,45,298,6,-,-,-,29,98,13,15,4
Aceh Singkil,19371,661,-,3672,257,2279,82,206,870,206,26,1032,119,-,555,3206,780,36,5,115,-,42,796,1114,440,134,83,51,31,109,204,1213,22,44,2,233,108,558,52,24,3
Aceh Selatan,17808,676,-,5067,544,1455,131,1888,1505,992,66,72,211,-,372,564,265,577,8,-,-,136,1042,429,310,-,45,38,23,23,143,769,97,9,-,6,2,199,128,-,13
Aceh Tenggara,18106,4,-,1869,82,389,28,33,576,13,12,167,2843,-,4214,196,652,9,-,80,84,-,164,290,339,2,10,35,783,142,41,3102,302,2,7,33,127,891,350,93,144
Aceh Timur,21435,1087,-,4539,321,1770,79,537,1851,580,3368,233,767,-,42,120,105,406,51,37,142,29,505,2175,462,128,102,317,135,17,269,606,78,15,104,10,48,256,105,20,23
Aceh Tengah,16740,33,-,1590,124,1165,15,148,948,135,3637,62,3831,-,124,805,345,50,-,1,419,-,264,1483,160,-,13,27,23,17,95,442,63,8,-,5,152,474,45,4,32
Aceh Barat,29000,897,-,4011,3272,3345,227,431,3262,524,1116,1529,108,-,108,1245,1461,607,-,33,155,45,1090,2036,327,78,415,590,327,31,301,555,3,14,53,66,176,123,400,11,26
Aceh Besar,21005,382,-,4385,1189,3023,61,86,2115,1612,713,53,566,#VALUE!,65,155,181,73,-,-,-,50,302,2922,649,15,24,223,148,46,390,1276,27,18,-,-,12,26,127,92,-
Pidie,20580,538,-,4730,345,2074,93,307,2610,1594,1987,158,1066,-,34,117,83,72,-,-,7,19,320,2745,193,50,56,128,395,26,93,542,20,4,38,2,3,61,64,1,6
Bireuen,27711,431,-,5343,825,2681,281,662,2113,1584,4137,141,1712,-,19,52,170,174,2,-,92,-,549,3965,557,120,74,371,143,30,171,768,33,13,86,5,13,267,86,21,21
Aceh Utara,18998,661,-,4517,602,947,227,522,1563,587,3260,229,1313,-,29,23,137,187,42,31,99,33,335,1691,474,64,59,26,214,43,145,465,123,14,98,24,29,116,62,8,-
Aceh Barat Daya,16300,454,-,3605,1983,1078,138,933,1509,1518,166,322,96,-,123,397,510,127,-,28,70,10,905,688,402,12,23,46,69,33,90,584,89,19,8,9,28,89,128,9,4
Gayo Lues,19773,34,-,1727,546,840,72,73,170,388,376,240,3745,-,4479,191,588,-,-,89,156,172,409,585,133,-,17,8,663,151,126,2554,32,33,53,18,267,535,223,8,71
Aceh Tamiang,15840,120,-,3039,1069,1389,5,86,1386,119,1481,196,451,-,126,388,615,146,-,37,3,15,1809,1658,171,99,9,100,121,31,34,747,-,2,-,8,85,257,26,-,12
Nagan Raya,25907,148,-,4595,776,2755,159,240,1577,833,806,2000,117,-,522,2658,1850,119,-,118,473,38,671,1267,386,78,387,229,167,95,300,1088,74,-,13,152,346,223,621,9,17
Aceh Jaya,23240,799,-,3542,1685,2728,138,565,2191,519,992,547,416,-,5,600,318,212,-,-,71,10,848,3275,413,109,328,239,203,51,504,1026,102,2,10,20,268,102,323,60,22
Bener Meriah,18438,140,-,2696,332,861,8,166,1430,188,4750,185,3779,-,201,131,133,-,-,24,242,2,311,1118,217,-,-,71,103,5,106,393,103,29,25,15,133,424,33,16,69
Pidie Jaya,23735,668,-,5006,345,2215,216,292,2388,2015,2617,150,2233,-,20,1,20,73,20,28,-,8,267,2940,303,143,38,714,237,88,36,537,22,15,21,-,2,46,-,12,-
Kota Banda Aceh,27640,279,-,5535,2377,2720,115,174,1691,955,899,105,669,-,33,306,237,688,6,33,104,99,1145,5745,2243,129,-,114,41,29,173,703,18,-,12,9,10,129,62,50,6
Kota Sabang,23749,1665,-,6283,1117,1244,217,28,2443,555,32,48,566,-,31,200,43,1325,-,-,-,-,1569,3253,1073,134,67,28,66,55,203,960,42,6,-,-,78,219,140,59,1
Kota Langsa,16918,95,-,3543,621,1346,51,370,1210,282,961,63,497,-,1,138,140,513,-,3,73,52,1967,2955,900,132,4,27,32,43,13,318,28,1,16,6,139,318,26,27,7
Kota Lhokseumawe,21005,282,-,4873,732,1732,62,419,1443,1012,2766,90,599,-,101,13,68,510,5,-,235,8,462,3158,1124,45,193,48,171,30,104,371,28,3,61,5,32,148,54,14,-
Kota Subulussalam,17858,63,-,2937,434,3198,140,70,242,142,123,871,647,-,852,3005,502,26,-,63,-,-,490,718,347,83,-,46,129,77,193,1437,192,11,16,109,46,541,104,-,6
Nias,9961,100,-,3102,147,884,230,145,523,110,28,12,62,-,5,18,476,136,-,34,27,13,47,146,-,-,-,-,581,130,470,968,236,15,7,98,81,1124,6,-,-
Mandailing Natal,15960,112,-,2308,20,2134,246,6,1353,142,13,376,508,-,2431,765,714,24,-,18,14,14,630,337,185,-,-,70,364,137,371,1354,153,56,3,97,342,351,260,35,16
Tapanuli Selatan,15350,17,-,2054,42,2161,29,112,580,79,-,61,451,-,2852,837,492,-,-,13,-,-,272,151,211,-,-,71,101,53,737,1680,38,60,43,157,430,950,461,14,141
Tapanuli Tengah,18519,843,-,3392,177,1745,88,872,4696,315,13,94,87,-,242,270,277,34,445,-,10,0,1495,305,300,26,-,26,484,52,301,1269,84,17,19,3,-,513,19,-,5
Tapanuli Utara,21527,39,-,2263,52,2137,7,46,374,100,110,160,4746,-,1300,180,856,93,-,14,-,32,135,125,223,-,-,116,557,23,95,3929,301,76,20,221,16,2992,57,26,104
Toba Samosir,23355,37,-,2130,26,1712,17,42,387,76,40,227,6248,-,1660,340,1358,3,-,15,-,-,192,191,177,10,21,15,681,68,334,4484,163,33,-,37,13,2176,177,32,235
Labuhan Batu,19266,50,-,1346,22,990,31,263,3872,104,32,945,1359,-,491,1463,1120,56,4,474,170,32,802,1194,390,307,602,32,206,25,28,2058,119,3,-,12,115,135,380,31,5
Asahan,19014,124,-,2410,-,606,41,284,5115,45,7,556,448,-,287,1518,881,17,-,71,69,193,1044,901,378,223,931,94,254,26,107,1173,226,37,1,7,84,345,437,39,36
Simalungun,17789,65,-,1173,11,2069,14,119,2005,13,1,158,1196,-,1041,1898,1773,-,-,90,19,-,186,486,177,44,316,5,784,54,84,2749,170,25,28,-,16,648,295,13,64
Dairi,17436,46,-,816,156,1795,12,4,409,1,-,121,3584,-,1025,828,652,7,-,10,16,47,92,191,95,1,-,92,432,27,151,3812,252,39,-,24,69,2460,166,-,2
Karo,25197,29,-,1362,12,1781,125,133,857,46,-,16,729,-,2479,5340,1665,160,-,17,27,-,110,893,260,611,161,39,951,33,100,5048,82,-,-,55,142,831,940,22,142
Deli Serdang,20791,281,-,2049,145,2957,1,467,2749,78,41,308,495,-,636,1975,1568,266,-,96,90,183,443,1411,593,54,463,151,257,36,57,2294,28,15,4,12,119,219,191,19,39
Langkat,16450,232,-,1606,67,1733,48,163,2051,77,227,446,223,-,499,1186,1024,74,26,155,24,52,1275,1565,252,226,130,170,361,33,24,2136,49,35,2,1,65,142,57,16,0
Nias Selatan,12109,14,-,4199,93,1141,189,418,1044,134,-,-,19,-,5,259,429,62,-,-,-,12,35,59,267,-,-,8,7,26,671,1346,27,4,-,-,50,1458,-,60,73
Humbang Hasundutan,20806,9,-,1233,380,2050,3,74,503,-,-,15,4260,-,1129,799,483,9,-,-,19,-,170,119,346,-,48,1,205,79,318,3712,210,5,4,73,13,4254,86,8,188
Pakpak Bharat,17631,-,-,750,531,1859,-,10,143,57,-,37,3169,-,1162,1024,471,11,-,39,-,4,131,359,296,176,17,26,422,28,82,2017,104,-,1,22,46,4409,124,-,104
Samosir,22405,-,-,703,7,852,24,106,219,72,-,238,9267,-,831,362,350,-,-,-,-,-,483,46,45,8,-,59,262,27,248,4249,746,186,5,133,67,2546,54,7,201
Serdang Bedagai,16372,97,-,1401,34,1012,28,234,4298,86,5,442,107,-,171,1054,970,56,-,40,21,101,1105,1268,240,160,292,165,285,12,22,1696,62,14,1,-,156,508,197,11,21
Batu Bara,17758,72,-,1685,41,532,82,368,5921,124,-,547,88,-,128,1066,327,16,-,37,56,41,1746,1307,469,213,546,179,124,19,-,1221,62,-,3,5,42,430,111,132,18
Padang Lawas Utara,18029,22,-,1233,80,1236,3,18,719,40,46,159,19,-,3403,1267,1738,48,5,486,59,-,529,525,262,0,145,62,185,58,380,3257,26,24,15,44,147,830,880,3,76
Padang Lawas,18057,82,-,1261,135,1378,6,170,459,17,-,262,107,-,3519,1104,2472,17,-,527,-,2,896,391,434,13,57,37,71,51,610,2132,35,1,2,191,661,332,561,28,34
Labuhan Batu Selatan,17049,6,-,718,53,1104,0,75,2564,142,-,848,82,-,962,2182,1280,63,34,682,24,23,679,359,266,8,342,40,430,72,51,2439,210,21,6,7,144,462,568,24,79
Labuhan Batu Utara,20397,58,-,1285,5,1212,21,164,3352,30,39,1557,179,-,616,2643,1411,41,-,381,18,123,981,1030,266,120,564,242,382,34,202,2039,376,33,-,-,161,101,645,41,47
Nias Utara,12720,638,-,5030,106,668,298,768,945,290,-,21,-,-,10,86,382,258,85,11,32,23,227,2,165,16,-,-,29,21,195,591,224,-,4,-,10,1581,-,-,2
Nias Barat,9350,34,-,2530,101,330,191,263,565,20,54,37,13,-,-,64,194,257,-,-,33,-,72,113,12,3,1,5,56,16,468,1107,24,-,-,-,110,2624,33,-,19
Kota Sibolga,20388,267,-,4177,166,2630,112,923,3536,463,5,26,104,-,139,221,389,439,907,-,125,4,2145,885,1312,88,-,18,37,32,38,831,6,14,12,-,34,232,15,43,13
Kota Tanjung Balai,21827,122,-,3302,22,1071,271,662,4818,32,26,188,10,-,407,778,398,17,-,29,824,87,2481,1673,784,452,1075,112,47,38,4,1375,206,5,-,-,57,214,175,66,1
Kota Pematang Siantar,20742,38,-,1607,88,2646,14,56,2131,49,-,243,784,-,443,3157,1651,93,-,303,200,9,548,1150,237,103,269,97,877,56,25,3340,19,5,-,12,19,291,125,23,34
Kota Tebing Tinggi,17673,158,-,1730,466,1258,50,486,3554,122,4,226,68,-,261,1481,1099,273,-,22,199,33,883,1418,478,200,387,166,394,6,88,1721,49,16,5,-,140,71,157,-,6
Kota Medan,24687,252,-,2775,148,3425,77,428,2382,98,66,211,925,-,502,2366,1497,536,32,143,391,229,488,3187,1025,195,188,195,202,62,13,2099,12,19,-,7,197,164,123,14,13
Kota Binjai,18533,259,-,1787,66,3426,80,254,2272,51,15,151,27,-,318,1751,1335,215,-,40,44,70,402,1938,596,147,231,104,119,22,45,2405,15,31,-,-,64,114,47,89,1
Kota Padangsidimpuan,18067,27,-,1783,67,3114,6,98,334,26,9,152,983,-,2305,781,742,96,-,-,132,64,644,977,586,67,-,88,37,18,116,2134,12,-,3,19,474,1254,508,48,363
Kota Gunungsitoli,14537,87,-,4658,938,1357,132,364,751,346,-,58,-,-,187,105,434,1283,78,-,443,120,183,300,127,-,-,-,21,28,126,1161,774,46,133,106,43,137,9,-,-
Kepulauan Mentawai,17487,230,-,4581,506,17,542,1704,713,133,7,501,135,-,9,399,737,713,269,3,-,76,4286,447,478,252,177,68,4,97,89,211,-,2,-,-,49,45,-,-,9
Pesisir Selatan,15943,640,-,3554,483,203,297,1157,2326,484,58,192,134,-,112,1319,685,26,66,1,22,6,945,591,607,38,88,7,37,23,55,1247,144,69,9,30,29,252,7,1,1
Solok,12299,4,-,2389,491,154,23,235,100,57,-,8,278,-,490,2321,351,-,-,90,43,-,876,469,60,-,2,80,31,40,109,1772,222,939,61,21,160,320,90,4,12
Sijunjung,12956,49,-,2005,600,176,-,-,45,-,-,33,23,-,1096,2532,1032,-,-,783,1,51,260,571,260,-,-,12,27,43,127,2000,92,463,10,26,112,470,30,11,15
Tanah Datar,14535,5,-,2310,579,123,-,110,141,4,29,18,132,-,1045,3205,449,4,-,217,-,41,603,274,118,-,7,87,8,44,41,2148,61,1600,13,322,200,554,35,7,-
Padang Pariaman,14433,625,-,3537,758,62,135,1437,2449,101,23,56,73,-,125,1703,513,41,-,115,-,121,234,681,183,37,1,33,78,26,96,766,89,135,8,15,19,141,7,5,2
Agam,16193,118,-,2983,118,639,49,166,313,83,-,64,417,-,582,3137,764,10,-,220,42,67,910,964,359,79,4,505,120,78,120,1458,104,739,1,128,240,493,61,43,16
Lima Puluh Kota,15012,10,-,1527,67,114,12,9,220,104,38,19,169,-,1166,3993,755,4,36,566,44,123,285,215,14,-,41,25,128,277,301,2414,109,1132,15,110,411,408,100,45,5
Pasaman,13835,205,-,1869,23,1465,-,58,34,108,13,65,993,-,2060,1901,254,38,7,67,10,45,580,363,48,-,16,49,124,134,402,1588,96,147,52,57,272,474,197,9,10
Solok Selatan,13463,68,-,2433,1723,361,3,5,51,58,-,21,134,-,1890,1751,714,69,-,171,-,49,437,291,54,-,-,40,89,23,115,1953,175,281,52,144,169,131,4,-,2
Dharmasraya,13699,157,-,1752,422,106,19,221,138,49,12,260,97,-,535,2285,1041,13,9,1139,-,14,1042,1017,345,-,22,43,125,31,86,1639,73,319,19,88,347,222,7,-,4
Pasaman Barat,20493,506,-,3895,300,446,1145,152,1479,229,6,620,101,-,896,2514,852,31,1,66,58,-,1131,2282,353,110,95,48,188,72,106,1445,48,47,21,65,78,845,225,25,10
Kota Padang,18962,184,-,3361,1616,299,325,260,1626,525,47,139,307,-,83,1792,750,67,-,58,-,193,2339,1551,871,55,26,44,74,3,76,996,114,632,12,126,119,245,17,17,16
Kota Solok,18408,81,-,2205,1982,14,74,1122,310,16,-,-,87,-,284,3855,724,27,-,511,-,93,686,1258,377,-,-,164,33,23,49,1627,354,1557,19,178,303,376,16,-,1
Kota Sawah Lunto,14726,76,-,1752,1427,89,20,46,210,80,22,57,86,-,252,3497,1100,16,-,503,-,60,444,937,539,-,-,23,20,59,73,1616,122,976,28,113,363,57,38,24,-
Kota Padang Panjang,14650,220,-,2598,785,412,63,388,1209,75,-,-,325,-,251,1889,539,12,-,127,-,39,395,1767,468,-,-,29,9,13,84,1093,113,868,13,152,447,229,8,20,9
Kota Bukittinggi,16736,60,-,3065,677,1011,150,26,122,49,114,55,717,-,1059,2272,658,21,-,170,25,71,286,1507,676,54,-,119,14,51,83,1557,190,865,8,211,326,394,31,42,-
Kota Payakumbuh,13450,48,-,1755,291,243,43,438,311,60,-,52,89,-,448,3481,387,-,-,195,4,158,155,632,331,-,30,0,126,185,110,2032,90,826,24,89,453,250,49,66,-
Kota Pariaman,16071,108,-,3355,1229,297,190,1897,2049,64,-,108,-,-,-,1380,596,300,-,79,25,46,1361,1307,595,37,36,-,7,8,25,615,43,197,4,15,-,94,5,-,-
Kuantan Singingi,18141,26,-,1097,28,93,23,403,301,43,23,433,74,-,266,4558,964,-,47,2264,75,92,522,1744,175,3,135,40,201,124,137,2847,145,154,10,105,329,473,127,38,25
Indragiri Hulu,15628,-,-,771,69,127,-,299,367,35,18,668,13,-,333,3778,1312,14,-,2675,15,77,732,742,203,-,153,50,37,49,42,2306,45,15,-,34,317,237,40,19,36
Indragiri Hilir,18906,72,-,1421,9,516,235,551,1637,23,163,1222,35,-,90,1280,722,198,5,1073,311,110,2043,1918,195,138,981,653,120,34,59,1856,3,25,15,29,329,720,61,31,26
Pelalawan,21046,180,-,1417,346,1362,16,287,966,21,48,951,194,-,446,2684,1641,38,38,2571,91,242,1472,1173,455,-,197,188,169,172,138,2339,53,17,5,52,239,668,84,62,21
Siak,20360,100,-,1619,267,463,374,294,1244,193,47,814,6,-,682,2688,1893,127,22,2159,66,127,1001,1611,768,58,304,119,254,126,79,2045,102,108,23,23,251,162,113,24,4
Kampar,19056,30,-,1545,17,676,6,309,727,245,12,911,70,-,620,2603,1338,16,36,2730,61,69,1253,1133,636,7,143,30,282,42,62,2402,163,106,-,29,384,250,44,69,1
Rokan Hulu,18841,40,-,1490,-,793,3,80,563,18,52,600,66,-,1348,3148,1666,13,5,1580,50,101,1133,559,304,3,161,15,169,18,82,3291,107,175,-,28,430,474,140,70,66
Bengkalis,20872,165,-,1631,60,98,995,1636,1948,43,34,830,73,-,399,1509,1634,76,1,942,225,52,2020,1497,255,53,376,120,407,95,12,2487,113,150,5,54,297,155,253,146,27
Rokan Hilir,21211,83,-,1295,20,530,9,156,3080,67,14,2261,196,-,254,1405,1208,22,19,1346,129,136,2738,1361,233,169,967,147,233,90,60,1567,200,77,4,22,200,359,504,32,18
Kepulauan Meranti,18189,93,-,1894,68,25,779,1154,1127,79,-,39,-,-,-,53,539,107,-,160,259,270,4767,2340,118,33,636,502,420,22,43,1296,10,10,-,-,555,700,59,21,11
Kota Pekanbaru,24742,150,-,2727,290,139,104,858,891,85,22,333,157,-,292,3257,2089,275,27,2035,47,384,1886,3222,971,-,208,138,79,29,8,2471,161,370,8,69,577,252,62,62,7
Kota Dumai,23004,100,-,3163,192,687,430,694,1950,42,57,519,29,-,216,1818,1977,282,46,1513,168,142,2324,1837,851,54,410,143,202,97,11,2218,87,107,-,45,190,207,97,90,7
Kerinci,18023,23,-,2868,157,230,-,119,129,13,-,55,2394,-,1372,2310,903,-,-,57,-,-,1906,529,92,-,67,34,59,61,69,2012,83,425,20,155,462,1105,265,22,27
Merangin,13225,41,-,1281,34,383,24,68,68,8,40,303,112,-,2456,2265,1045,11,-,538,31,103,1003,134,44,-,28,17,15,53,134,2267,29,50,51,21,187,322,2,3,57
Sarolangun,13885,-,-,1066,42,36,-,-,7,11,16,575,7,-,1714,3747,631,37,-,1748,24,7,561,149,72,-,43,10,129,35,323,2174,16,23,-,15,511,149,-,6,2
Batang Hari,14144,13,-,922,6,171,-,71,57,171,-,877,26,-,102,3797,678,-,21,2842,15,50,813,959,95,41,41,95,31,65,58,1614,27,26,3,42,253,154,-,10,-
Muaro Jambi,15062,24,-,685,-,820,21,13,346,33,205,1048,70,-,276,4338,1181,81,-,1817,32,117,692,535,181,13,133,10,48,6,28,1525,13,50,-,12,463,184,41,15,6
Tanjung Jabung Timur,21561,72,-,1518,-,524,153,56,1112,5,58,1315,32,-,489,3169,1065,80,17,1155,1667,139,2859,1887,437,289,662,775,54,15,15,1499,11,1,16,17,105,231,49,-,10
Tanjung Jabung Barat,14866,70,-,563,28,941,76,89,1191,40,186,835,40,-,261,2085,1028,160,13,1356,588,79,1234,1137,229,15,438,314,42,23,81,1125,3,9,-,3,209,279,63,12,21
Tebo,12436,-,-,921,87,247,-,41,118,24,77,770,43,-,504,3025,1128,28,11,1774,7,22,418,281,122,-,16,23,20,14,24,2048,17,13,1,43,312,247,-,3,8
Bungo,16477,9,-,1869,112,55,31,49,225,48,26,472,66,-,1702,3112,767,18,10,1519,22,141,1265,1095,337,-,27,77,67,59,130,2361,48,100,-,14,417,192,12,24,-
Kota Jambi,19613,71,-,982,62,1277,68,111,701,129,67,918,146,-,446,4624,1576,47,6,1733,183,424,308,2184,574,55,488,136,106,44,31,1617,10,89,19,63,208,40,43,28,-
Kota Sungai Penuh,16177,68,-,2899,58,307,34,260,105,36,100,64,2254,-,312,3222,814,7,-,163,53,-,375,1075,137,9,138,48,79,36,117,1686,52,129,-,125,456,752,156,-,51
Ogan Komering Ulu,11089,4,-,723,27,193,-,-,232,18,121,382,2183,-,247,559,1610,16,-,1917,1,62,554,248,153,-,2,21,169,7,209,567,47,256,1,10,260,237,27,21,7
Ogan Komering Ilir,16566,17,-,786,5,137,26,9,118,40,633,2864,398,-,221,1988,1558,328,7,2110,81,75,1816,816,133,214,251,45,97,12,213,147,18,544,55,40,337,347,54,15,11
Muara Enim,11517,9,-,624,19,179,14,18,79,22,47,611,276,-,456,3027,1127,35,11,2142,20,5,377,405,254,1,73,67,23,11,20,616,39,448,30,17,212,146,33,23,-
Lahat,11935,19,-,294,10,652,-,-,133,16,30,103,2606,-,549,1323,1680,18,-,1393,8,52,620,467,389,6,37,64,5,1,37,417,64,158,-,19,230,484,39,-,11
Musi Rawas,10325,-,-,325,56,151,7,-,49,14,34,1078,56,-,313,2923,1203,98,-,1467,6,-,365,129,50,-,8,188,118,16,112,826,32,104,4,22,379,183,7,-,2
Musi Banyuasin,15697,54,-,885,16,339,2,7,303,44,233,1503,56,-,146,3576,1718,12,16,2354,9,25,902,604,126,55,179,12,57,23,146,804,45,410,7,128,573,222,93,14,1
Banyu Asin,17140,31,-,847,7,239,135,271,1067,119,819,2385,216,-,122,1972,1440,55,17,2228,93,126,1332,941,262,24,334,62,175,25,21,595,35,415,13,51,196,333,59,55,24
Ogan Komering Ulu Selatan,7672,11,-,431,14,22,2,54,20,22,170,30,1818,-,311,701,1249,2,-,1027,-,-,271,186,-,-,29,33,14,5,153,521,41,203,4,15,53,236,4,18,1
Ogan Komering Ulu Timur,11241,35,-,720,16,80,-,55,44,22,128,1569,1218,-,495,752,2147,10,14,1899,41,101,478,60,96,-,4,25,37,2,212,243,34,54,-,27,176,371,33,35,6
Ogan Ilir,12436,-,-,482,-,162,-,41,195,5,31,1353,9,-,17,2035,1082,8,0,2822,9,6,2183,301,39,-,50,50,83,1,86,352,55,628,6,10,225,103,-,9,-
Empat Lawang,8237,32,-,664,94,322,4,65,42,10,-,33,1345,-,233,1717,761,11,9,640,-,5,349,15,35,-,8,71,5,44,47,682,79,184,-,8,126,550,14,-,37
Penukal Abab Lematang Ilir,11177,-,-,774,3,9,-,-,-,8,43,1207,54,-,104,2102,1107,-,13,2928,17,62,666,232,93,1,90,23,23,3,17,547,35,525,6,30,373,64,10,3,5
Musi Rawas Utara,13294,89,-,906,-,86,-,-,4,54,8,951,111,-,1330,2745,559,0,29,2267,19,6,1227,182,144,-,16,118,100,13,156,1182,13,220,3,30,357,158,6,202,3
Kota Palembang,18035,17,-,358,101,465,268,129,798,41,206,1020,2153,-,149,1628,2155,221,-,2356,50,314,769,1796,878,100,235,81,202,3,45,493,27,342,22,53,203,234,40,76,7
Kota Prabumulih,12028,-,-,492,18,291,49,20,102,6,42,939,64,-,142,2876,1734,10,31,2185,-,124,302,767,426,1,106,19,51,-,10,389,95,388,-,5,116,196,7,15,9
Kota Pagar Alam,7964,-,-,618,57,549,14,-,11,1,10,20,1489,-,151,1649,1206,13,-,632,-,-,80,334,46,-,15,52,1,3,61,450,55,172,17,9,65,151,13,12,9
Kota Lubuklinggau,11628,0,-,557,22,1335,43,8,30,-,12,378,49,-,444,3299,987,41,-,1491,12,159,230,713,327,-,22,0,35,12,44,690,7,159,1,48,219,229,13,2,8
Bengkulu Selatan,15533,3,-,579,995,1425,132,-,116,33,70,516,58,-,595,5133,894,185,-,44,8,30,1789,799,80,3,175,148,15,7,146,855,20,43,-,14,450,168,6,-,0
Rejang Lebong,8828,-,-,579,208,1834,5,-,-,-,-,71,240,-,799,1843,365,112,-,364,-,-,228,78,67,-,30,66,-,23,60,1007,20,133,1,14,303,349,9,7,13
Bengkulu Utara,11001,65,-,829,719,1893,55,15,19,4,16,155,6,-,238,3114,580,91,-,25,19,80,683,333,63,-,3,32,14,27,21,1094,67,96,14,-,403,199,8,-,20
Kaur,14455,266,-,2297,1554,957,166,26,232,24,79,356,95,-,204,3255,438,126,218,3,48,4,1744,577,102,107,111,111,-,24,163,417,23,10,-,4,318,368,-,-,29
Seluma,12960,12,-,1018,379,2104,104,68,6,86,45,605,68,-,256,3601,378,58,-,139,14,42,1546,349,40,65,127,110,3,30,50,700,62,40,-,9,473,344,2,5,21
Mukomuko,14494,153,-,2101,1157,383,349,32,941,32,38,530,118,-,426,3400,679,85,-,137,41,53,1604,755,196,33,27,100,21,9,59,603,26,1,-,10,86,288,2,0,15
Lebong,12656,4,-,1328,41,271,20,-,16,18,23,249,230,-,2242,3014,884,41,-,289,26,2,492,284,47,-,32,118,5,61,88,1798,43,165,-,48,308,415,37,-,16
Kepahiang,10140,43,-,967,427,2020,168,-,0,19,-,-,523,-,454,1615,361,75,-,157,-,-,152,347,189,-,21,71,14,9,14,1517,34,164,-,20,306,388,19,33,14
Bengkulu Tengah,11320,-,-,1485,916,1633,31,11,33,54,47,260,178,-,361,3075,280,74,9,44,29,-,802,403,21,14,6,34,2,60,27,883,51,34,-,-,271,165,-,23,5
Kota Bengkulu,16620,138,-,1027,1849,2062,32,7,60,134,17,387,325,-,197,2804,986,869,-,179,175,105,1172,1763,429,144,9,108,4,2,25,738,9,179,36,53,306,284,2,-,5
Lampung Barat,11357,159,-,1416,239,246,100,84,160,20,140,278,1242,-,879,2682,1159,9,-,108,29,60,115,241,177,-,75,36,123,6,156,274,54,71,31,27,168,740,37,-,16
Tanggamus,9338,114,-,1630,48,123,133,1023,836,257,48,106,91,-,916,1001,1056,59,-,125,50,116,411,82,215,7,14,13,50,-,32,178,114,38,3,0,46,388,14,-,-
Lampung Selatan,11472,443,-,1007,71,85,74,599,1455,213,291,393,276,-,278,494,1355,47,-,629,791,121,169,370,874,17,60,20,91,16,137,461,236,179,6,1,74,117,15,10,-
Lampung Timur,9639,9,-,522,11,121,59,102,409,112,604,688,112,-,344,1061,1872,26,-,745,373,266,339,243,244,27,24,56,104,19,187,267,144,44,20,3,64,368,27,14,6
Lampung Tengah,8829,51,-,574,-,144,5,10,109,29,208,881,90,-,487,1039,1941,-,49,898,35,136,375,95,45,-,4,22,61,69,283,313,122,60,1,45,31,577,34,6,2
Lampung Utara,9657,34,-,409,23,202,9,97,377,28,419,415,64,-,1277,1885,1366,9,16,1074,9,113,272,67,156,-,-,38,53,10,256,296,91,58,15,7,100,378,18,7,10
Way Kanan,10768,36,-,547,-,112,10,4,262,11,290,533,75,-,522,1437,2173,78,-,1819,44,99,628,125,160,-,-,38,161,2,195,402,113,53,23,3,149,650,8,-,6
Tulangbawang,10869,13,-,303,-,97,-,37,43,1,749,1924,155,-,183,2219,984,89,8,565,167,98,752,748,113,49,38,207,16,15,166,241,152,100,6,7,65,522,15,23,2
Pesawaran,8937,269,-,1221,44,415,21,658,814,131,85,5,53,-,665,393,1545,48,224,226,37,187,367,49,387,53,30,33,64,2,68,249,128,61,2,5,71,316,5,-,7
Pringsewu,8377,131,-,1106,23,512,20,129,554,84,40,50,195,-,657,625,2172,8,12,266,14,126,237,197,137,-,8,74,56,13,237,266,96,11,-,12,75,231,3,-,2
Mesuji,9982,107,-,549,-,52,-,21,77,18,578,1484,20,-,156,1179,2240,54,4,930,92,79,499,376,9,-,-,40,17,58,46,50,100,17,5,111,162,834,3,-,16
Tulang Bawang Barat,8493,64,-,356,4,73,-,-,242,-,287,748,41,-,319,1546,1667,10,17,836,44,88,495,81,94,-,3,97,125,5,75,168,144,3,-,-,218,612,4,15,12
Pesisir Barat,11993,331,-,2192,1004,282,1133,206,453,67,17,354,951,-,321,1842,475,205,71,3,23,11,707,258,255,-,11,38,88,84,84,285,93,46,-,-,42,40,5,15,-
Kota Bandar Lampung,17882,428,-,1388,485,98,177,493,2062,573,76,156,41,-,535,1159,2133,225,17,937,109,633,1042,1378,2097,34,82,193,166,5,30,273,49,144,12,18,214,279,16,77,47
Kota Metro,12587,88,-,725,76,1008,-,41,949,28,141,293,18,-,701,966,2769,34,-,1190,46,449,345,915,565,-,-,27,100,22,363,256,58,16,47,10,133,126,24,60,-
Bangka,27321,1296,-,1857,8,2133,2099,4612,3025,83,252,429,6,-,49,527,674,326,-,142,92,79,4637,1817,1450,502,194,-,61,18,63,108,58,-,6,5,202,471,19,21,-
Belitung,26711,3979,-,3204,15,144,1686,1287,3383,173,93,193,-,-,-,8,662,162,216,41,34,-,4843,2211,2428,531,200,-,245,4,4,219,272,-,-,17,324,131,-,2,-
Bangka Barat,23736,623,-,1498,53,1241,751,2783,3988,131,448,272,-,-,-,265,468,410,-,55,176,66,4041,2832,1576,140,394,100,100,66,92,315,53,4,-,0,249,464,62,20,-
Bangka Tengah,24249,1026,-,1246,47,1600,579,2899,1767,47,473,339,16,-,40,473,960,119,243,440,195,10,5328,2059,2194,698,220,-,79,71,58,64,120,14,10,9,329,468,8,-,-
Bangka Selatan,22736,745,-,1136,48,475,693,1485,2585,52,2132,790,38,-,63,292,526,569,146,352,847,11,4004,1640,2121,262,308,-,45,14,314,185,79,42,58,13,228,380,46,10,-
Belitung Timur,33813,3397,-,2433,81,365,943,2587,2628,41,33,379,35,-,-,80,301,123,328,16,138,-,9803,3015,3790,905,294,130,64,6,41,196,544,7,5,3,372,642,-,88,-
Kota Pangkal Pinang,29559,876,-,1705,89,1131,3668,4132,2772,26,135,281,44,-,10,637,1443,309,-,426,367,39,4183,2947,2249,226,286,-,139,130,19,268,94,34,14,-,170,615,61,35,-
Karimun,21136,570,-,1924,156,980,2179,1379,2365,161,28,40,58,-,3,146,482,208,74,77,516,31,3178,2561,734,193,378,128,231,31,85,1535,52,49,5,60,263,112,57,106,-
Bintan,21487,1055,-,3220,127,455,342,3151,1589,120,59,185,28,-,20,94,1189,39,23,67,41,42,2886,1620,1931,666,254,162,155,101,45,964,62,27,3,-,300,386,20,50,9
Natuna,19918,807,-,9301,83,6,75,371,669,104,-,34,-,-,-,-,59,97,1,-,-,-,3982,519,2289,465,48,3,5,20,526,305,-,-,-,-,23,88,-,37,4
Lingga,21960,486,-,982,-,49,889,3189,1486,21,148,-,6,-,-,14,306,129,556,-,108,112,6675,1666,1425,434,367,255,97,9,14,1404,38,-,-,-,431,633,-,31,-
Kepulauan Anambas,22829,1195,-,7866,-,30,32,2568,936,89,-,-,-,-,-,-,94,30,154,17,-,-,6498,202,2098,119,35,115,54,-,30,254,13,-,-,-,158,222,-,18,1
Kota Batam,24446,409,-,2617,109,702,406,1943,1799,77,241,241,1065,-,120,194,1779,738,60,427,331,99,2389,2913,1715,303,190,341,169,66,81,1832,165,89,-,16,303,382,52,68,18
Kota Tanjung Pinang,15377,502,-,2754,20,128,165,2691,1094,91,18,15,50,-,13,96,1165,228,37,115,25,116,1829,1373,1006,77,29,38,134,40,64,958,11,14,-,-,277,103,63,38,-
Kep. Seribu,22310,1422,-,5916,97,79,274,1673,1975,672,650,-,29,-,-,-,37,160,2265,73,90,25,987,1066,3827,236,118,103,28,5,13,259,145,-,-,-,13,38,27,7,-
Kota Jakarta Selatan,19511,184,-,1328,651,119,226,265,2369,91,1128,133,711,-,1241,709,2126,340,23,222,494,784,253,2369,946,63,108,164,103,9,335,597,27,132,251,222,145,167,83,376,17
Kota Jakarta Timur,18729,233,-,1747,659,38,214,164,2189,150,780,113,930,-,956,844,2445,288,74,114,473,710,149,1708,777,20,102,112,168,9,305,924,37,125,199,200,207,60,70,424,11
Kota Jakarta Pusat,14193,273,-,1285,549,36,305,118,1851,157,749,48,581,-,566,454,1841,290,73,25,480,275,47,1111,1121,22,35,159,65,9,325,384,13,94,74,172,234,37,9,327,-
Kota Jakarta Barat,16885,149,-,1060,425,68,715,383,2970,173,1272,78,719,-,467,414,1069,372,62,112,785,313,135,1577,1031,55,124,259,81,4,162,772,23,129,40,157,236,65,95,328,7
Kota Jakarta Utara,20009,303,-,1637,526,66,541,176,2869,228,1354,99,1012,-,487,280,1510,514,196,202,1005,655,295,2233,1051,68,129,187,200,58,226,674,48,106,99,119,270,99,103,377,6
Bogor,11434,32,-,613,52,4,16,88,564,63,254,74,539,-,2081,429,692,46,15,130,97,211,21,445,373,2,10,43,142,34,515,1443,206,292,124,286,177,444,272,567,39
Sukabumi,11036,6,-,503,173,40,-,34,252,96,26,6,445,-,2656,956,150,67,-,-,213,30,252,121,134,4,9,5,338,68,717,1611,454,530,38,176,56,311,410,147,2
Cianjur,7624,-,-,139,-,3,14,6,81,20,81,36,335,-,1090,1313,141,18,-,71,351,3,117,111,78,34,65,7,280,6,637,979,111,317,260,95,112,421,77,197,17
Bandung,6806,-,-,304,18,-,1,7,219,11,217,30,415,-,1975,433,178,84,6,181,28,41,54,148,160,1,23,38,292,38,472,67,90,368,282,33,92,166,23,281,29
Garut,6637,5,-,342,1,6,9,1,39,5,134,5,540,-,1980,1064,105,26,-,24,364,28,32,70,103,-,-,4,264,5,212,51,163,286,280,10,85,287,8,94,5
Tasikmalaya,8615,12,-,245,30,2,7,17,56,37,224,47,1641,-,1940,1266,290,13,-,-,81,214,47,401,123,-,2,0,664,13,213,103,49,106,357,15,199,153,8,37,1
Ciamis,8726,-,-,64,-,6,-,79,2,35,97,62,3628,-,1046,737,294,15,-,6,38,417,197,124,128,15,1,35,329,17,179,154,27,68,366,6,182,307,6,17,43
Kuningan,6041,17,-,322,-,3,-,5,83,24,207,24,1530,-,379,421,524,1,-,21,33,138,53,94,106,-,12,38,189,13,119,264,82,46,570,53,138,384,68,68,10
Cirebon,6072,13,-,273,26,2,46,7,314,58,856,43,728,-,181,93,650,58,4,38,51,120,125,487,482,7,93,48,128,12,195,143,31,46,276,11,136,160,30,91,9
Majalengka,4663,2,-,135,31,7,12,16,2,31,83,47,491,-,951,608,321,47,-,19,11,122,17,188,143,52,31,6,152,2,159,70,117,119,210,17,68,287,28,51,9
Sumedang,6977,-,-,134,-,-,-,17,130,1,92,13,1176,-,1862,432,210,7,-,12,38,6,82,131,81,-,10,3,317,16,380,102,310,556,122,32,121,342,37,199,9
Indramayu,9305,71,-,310,24,4,75,38,358,141,1345,357,1109,-,388,432,855,96,13,90,294,88,193,412,1079,54,46,50,217,22,55,259,137,20,234,23,34,269,16,86,11
Subang,9693,57,-,263,-,12,17,35,220,62,403,177,770,-,2185,1144,364,62,-,141,144,80,116,304,608,39,42,12,369,19,309,457,259,272,128,16,136,258,69,133,13
Purwakarta,10464,-,-,245,-,-,39,11,39,93,185,49,97,-,1679,2256,177,18,-,135,119,171,88,239,250,2,16,29,258,82,717,1130,269,571,382,87,154,384,48,416,27
Karawang,9529,24,-,314,0,5,-,13,233,164,1244,187,1281,-,1422,406,578,147,3,188,91,48,52,556,308,8,15,18,220,43,287,866,33,114,194,41,200,55,58,113,4
Bekasi,14195,21,-,891,115,35,36,86,1321,71,1206,310,1282,-,1486,605,1586,93,21,115,302,234,193,686,489,-,62,21,105,35,250,1314,45,100,267,60,219,90,91,350,1
Bandung Barat,8735,-,-,316,80,-,-,11,182,18,221,33,271,-,1507,1740,125,9,4,139,82,6,7,206,136,-,22,17,625,30,431,577,166,528,431,44,171,242,46,275,33
Pangandaran,13405,99,-,702,7,49,18,50,1000,61,624,217,4007,-,1841,597,240,87,48,56,186,238,1056,682,364,-,36,230,444,8,46,28,21,31,35,0,163,85,12,26,11
Kota Bogor,13183,96,-,621,152,54,205,87,839,77,232,86,869,-,1316,631,992,129,77,92,146,241,36,1720,328,-,24,31,136,23,649,1251,359,175,131,156,271,178,228,532,14
Kota Sukabumi,9828,-,-,264,183,-,45,25,313,13,161,8,170,-,825,1613,161,63,-,140,27,39,155,852,437,-,-,35,203,22,817,1279,335,404,24,214,155,194,172,476,4
Kota Bandung,12012,81,-,488,194,21,143,4,957,25,455,31,549,-,2180,868,427,197,10,306,199,491,79,1280,680,25,66,123,212,22,503,112,59,281,215,50,166,147,6,355,8
Kota Cirebon,9221,21,-,144,123,11,100,5,443,90,567,-,1111,-,446,310,853,305,-,12,259,564,182,1152,438,226,214,127,51,6,198,150,19,32,434,7,246,164,3,199,9
Kota Bekasi,24259,598,-,1878,960,128,269,273,2526,232,1185,218,1136,-,1308,955,2575,629,7,439,557,1003,163,2427,1279,63,176,169,242,8,285,953,71,92,251,235,366,75,179,333,13
Kota Depok,19945,115,-,1144,507,30,153,205,2176,93,650,126,1172,-,2217,672,2055,151,42,229,259,629,116,2028,699,34,209,125,81,42,478,1065,37,244,95,339,147,308,98,1061,114
Kota Cimahi,11010,-,-,449,43,38,24,9,970,25,319,34,228,-,1540,1602,420,171,2,416,137,256,165,1081,450,-,56,62,241,11,523,153,66,354,268,40,197,238,23,373,27
Kota Tasikmalaya,7654,27,-,209,22,2,-,-,51,9,98,127,2693,-,1089,448,316,-,-,47,43,281,50,472,267,11,2,11,151,13,306,138,11,58,200,18,155,139,-,180,9
Kota Banjar,8469,7,-,38,18,8,-,-,54,8,76,440,3538,-,785,164,642,-,-,188,102,391,182,146,288,-,7,39,353,4,199,112,27,54,150,15,124,266,16,29,2
Cilacap,5528,142,-,180,16,24,25,1,332,7,352,232,1266,-,90,57,678,41,6,49,155,229,222,273,113,57,9,65,155,5,36,76,13,16,322,13,58,201,6,-,6
Banyumas,5785,87,-,286,3,-,1,24,259,23,426,36,744,-,33,70,1107,27,20,131,193,181,197,174,76,-,-,51,213,0,289,98,15,19,585,8,82,221,76,0,30
Purbalingga,3426,6,-,336,3,-,11,-,40,64,164,14,227,-,17,18,792,-,-,46,198,84,161,47,69,-,-,4,59,32,561,62,13,5,190,-,9,149,30,-,16
Banjarnegara,5316,-,-,410,-,-,-,2,90,1,300,15,1258,-,71,69,711,10,-,5,192,81,59,9,76,-,-,1,188,43,647,102,51,20,36,13,6,765,61,-,24
Kebumen,4527,4,-,86,-,11,41,36,244,3,324,221,163,-,22,311,882,2,-,72,72,72,567,368,80,-,3,14,304,14,93,119,34,8,107,3,36,196,18,-,-
Purworejo,4715,-,-,122,3,43,-,-,69,13,374,365,17,-,14,400,1481,5,-,33,148,74,290,299,7,-,6,51,104,-,162,94,45,-,120,0,42,319,10,3,2
Wonosobo,4777,-,-,200,-,15,-,-,10,9,76,1,500,-,90,686,360,20,-,15,144,52,98,156,85,-,-,13,407,1,487,106,68,50,73,-,15,966,43,5,28
Magelang,3438,-,-,118,9,-,-,2,18,0,82,9,113,-,-,521,1017,-,-,14,285,55,20,60,36,-,3,19,95,1,66,91,12,28,178,1,-,542,33,-,10
Boyolali,4070,-,-,52,-,3,-,8,2,14,344,31,183,-,11,212,1250,164,-,51,65,-,60,200,96,18,2,5,88,-,249,176,17,1,670,20,-,65,10,-,5
Klaten,4921,-,-,200,33,-,-,3,26,30,612,50,-,-,13,303,1941,113,-,124,28,21,4,158,112,16,32,-,25,15,108,164,21,2,481,12,132,103,25,1,14
Sukoharjo,5888,5,-,86,116,5,6,9,35,12,400,-,23,-,53,750,1622,270,17,378,15,72,38,192,45,-,15,73,44,96,206,114,67,10,937,22,78,36,40,-,-
Wonogiri,4377,24,-,338,51,23,-,46,19,24,646,44,147,-,15,838,973,-,-,108,8,-,102,131,19,-,-,0,51,2,106,166,24,4,351,3,8,92,14,-,0
Karanganyar,5069,-,-,106,27,6,-,9,18,30,476,-,16,-,11,471,1550,265,-,211,-,60,7,132,27,-,-,3,159,-,177,187,89,14,856,11,23,53,75,-,-
Sragen,6428,-,-,80,3,-,12,20,11,23,421,4,105,-,6,748,1753,74,-,399,9,43,68,123,42,-,50,26,162,18,212,255,147,21,1325,43,37,116,49,12,13
Grobogan,5025,-,-,91,-,-,15,10,295,22,334,96,64,-,19,399,1849,14,-,52,134,29,135,124,88,-,23,57,315,5,160,218,41,4,136,3,28,211,34,12,13
Blora,4213,23,-,58,-,-,-,2,16,17,408,29,48,-,5,193,1029,36,-,105,17,46,95,368,61,-,-,10,132,6,332,171,203,21,15,-,14,731,2,-,15
Rembang,8389,170,-,564,-,-,49,203,848,115,940,58,143,-,-,130,596,143,2,20,20,16,799,534,826,33,34,73,213,27,211,82,209,-,20,5,31,1240,17,5,12
Pati,14260,158,-,159,-,53,29,7,679,228,2784,384,1533,-,140,854,1658,58,-,132,207,61,551,1847,533,122,137,127,225,5,291,173,64,7,68,-,40,897,6,25,18
Kudus,11094,176,-,177,8,-,86,6,277,169,1796,220,1000,-,87,1220,2816,117,-,89,294,73,194,817,575,53,70,23,128,19,198,118,3,-,164,1,14,104,1,4,-
Jepara,11898,270,-,1079,2,-,114,269,1979,366,1356,67,690,-,12,184,1134,50,1,52,195,66,878,561,1065,113,101,79,193,16,578,190,7,4,17,14,29,105,1,59,1
Demak,10990,41,-,162,-,3,25,26,561,109,1212,611,484,-,133,941,2119,41,-,236,528,99,499,903,398,111,37,81,120,21,433,233,54,5,55,18,31,622,13,16,8
Semarang,5336,10,-,35,-,-,15,-,62,6,407,68,915,-,-,222,1228,47,-,86,94,39,102,125,149,5,16,41,178,3,187,139,74,7,595,-,28,375,2,70,7
Temanggung,3429,-,-,173,11,-,1,-,4,4,45,-,85,-,60,715,741,5,-,2,109,25,27,30,9,-,7,6,70,4,454,97,87,84,95,-,13,425,35,6,-
Kendal,7492,69,-,377,17,4,37,78,253,38,776,49,373,-,42,400,963,82,-,28,415,110,229,629,685,137,91,91,172,32,341,190,51,33,194,3,56,357,16,14,63
Batang,8161,67,-,323,22,6,16,59,199,13,840,13,299,-,30,375,1231,80,-,67,808,11,170,171,442,-,69,30,408,77,878,287,145,24,24,1,5,948,7,9,8
Pekalongan,6979,140,-,290,7,-,32,78,140,20,712,12,304,-,39,183,1301,67,-,33,313,52,137,260,441,6,32,42,161,77,631,178,286,54,71,6,16,809,19,6,23
Pemalang,5337,3,-,225,4,25,61,22,244,57,435,18,234,-,14,39,534,61,-,19,324,36,124,189,614,10,38,17,437,131,384,122,103,16,159,-,-,588,14,25,8
Tegal,3970,7,-,163,17,-,29,79,413,98,366,10,119,-,16,37,475,56,-,5,207,10,156,147,292,13,11,19,140,6,246,61,57,15,125,-,29,537,8,1,2
Brebes,4423,10,-,261,-,13,2,-,241,102,840,72,550,-,10,5,412,68,-,30,94,8,157,288,336,23,20,13,290,1,102,131,22,5,103,3,5,194,2,9,3
Kota Magelang,6553,-,-,225,128,15,36,-,125,45,243,-,31,-,-,1185,1780,8,-,85,149,178,122,977,220,-,-,23,4,3,137,70,7,-,310,6,18,391,26,-,4
Kota Surakarta,7507,37,-,137,267,-,88,6,26,93,743,5,8,-,15,669,1402,950,8,407,37,191,94,568,410,97,24,3,32,38,47,149,71,-,680,2,93,92,8,4,8
Kota Salatiga,9370,-,-,257,97,-,100,-,202,29,298,33,2294,-,42,252,1058,265,-,100,62,135,188,634,343,-,66,60,103,-,166,163,74,3,1468,40,138,660,1,29,10
Kota Semarang,12464,81,-,256,108,-,77,60,293,71,1261,44,780,-,63,959,2122,243,14,222,286,627,374,1434,914,55,166,146,132,26,194,187,24,22,394,110,93,428,73,76,50
Kota Pekalongan,7930,155,-,321,9,13,160,74,415,70,777,80,538,-,10,174,712,215,-,5,206,91,665,992,797,44,25,58,80,39,668,90,51,9,51,-,25,263,19,27,2
Kota Tegal,6804,43,-,534,1,4,152,27,609,51,482,56,408,-,65,43,855,104,-,33,179,77,281,551,908,60,148,16,51,87,304,138,21,2,167,-,151,152,32,8,3
Kulon Progo,4576,-,-,163,33,246,17,-,132,-,153,128,-,-,95,706,1009,20,-,49,115,117,267,412,39,8,6,4,287,-,122,85,1,-,167,-,68,93,30,4,-
Bantul,4719,23,-,148,133,41,6,-,197,8,135,51,41,-,14,532,1423,12,-,75,64,106,195,424,152,3,-,-,4,6,376,160,-,2,226,-,115,35,13,-,-
Gunung Kidul,4953,10,-,562,143,63,30,-,325,430,266,3,144,-,46,418,1084,64,-,92,170,-,296,41,55,11,17,-,42,8,114,71,16,-,140,-,14,264,13,-,2
Sleman,7874,72,-,225,250,33,62,-,233,12,294,157,10,-,34,1329,1902,75,-,172,171,283,101,575,192,21,51,-,354,13,106,247,2,8,435,15,97,245,34,63,-
Kota Yogyakarta,8454,259,-,326,97,8,114,-,199,33,236,-,-,-,45,1441,1472,187,-,72,207,493,142,1216,466,225,126,-,127,4,146,258,8,-,339,-,33,67,48,60,-
Pacitan,3935,36,-,844,245,9,4,15,805,231,159,1,-,-,18,62,364,48,-,9,-,1,564,160,-,-,-,-,24,15,87,152,4,-,9,-,1,60,3,-,5
Ponorogo,4158,8,-,921,245,12,-,4,30,24,440,5,-,-,-,193,1194,9,-,181,20,65,146,46,14,-,-,-,8,4,305,205,12,7,16,5,11,17,12,-,-
Trenggalek,7054,55,-,1632,317,173,103,156,314,1171,80,13,2,-,-,82,732,14,11,17,4,28,420,203,192,-,20,33,10,48,637,377,12,-,5,1,-,185,6,-,-
Tulungagung,10647,44,-,1184,346,13,94,44,266,362,845,73,63,-,-,573,2586,5,-,398,36,747,574,375,56,4,32,40,77,5,729,422,72,2,78,-,44,404,43,-,12
Blitar,3879,3,-,397,40,-,-,-,27,17,163,-,127,-,-,302,873,38,12,274,-,69,223,105,20,6,111,14,96,1,407,151,21,10,6,4,17,214,77,20,34
Kediri,4759,3,-,141,53,11,7,12,19,2,483,16,108,-,6,116,1880,42,-,183,1,95,100,175,24,54,7,8,26,3,99,184,117,40,15,1,7,600,60,8,55
Malang,5449,25,-,530,185,42,4,34,94,42,419,11,899,-,19,69,798,8,-,32,-,57,77,434,76,4,16,19,113,24,675,114,171,27,96,-,8,305,6,-,13
Lumajang,11347,379,-,1145,22,154,52,19,604,336,467,86,1449,-,86,407,1454,33,-,31,23,244,159,802,381,18,103,40,200,26,1876,313,15,9,26,2,10,291,72,0,10
Jember,6782,272,-,986,49,254,59,2,134,113,154,43,108,-,11,212,824,46,-,5,8,182,315,329,185,8,18,38,119,28,1345,389,36,8,21,4,49,296,109,10,12
Banyuwangi,7623,157,-,999,176,426,81,43,654,265,49,6,139,-,20,77,606,84,-,5,24,59,1118,752,466,110,80,131,307,5,193,197,35,23,-,1,46,213,53,15,8
Bondowoso,6563,192,-,259,58,513,4,8,39,122,33,28,11,-,90,66,531,48,-,-,-,187,211,507,148,32,5,58,50,36,2038,474,143,3,-,-,40,378,198,25,27
Situbondo,8760,409,-,1363,15,957,83,285,294,629,38,0,93,-,6,90,326,113,14,-,38,143,1475,591,669,75,36,27,92,14,50,524,24,2,2,5,-,210,49,11,7
Probolinggo,7621,437,-,1382,100,502,40,98,923,194,126,5,174,-,23,150,319,52,4,13,4,78,775,610,619,48,69,81,133,8,235,164,8,14,3,-,4,198,13,12,2
Pasuruan,8995,105,-,1206,14,36,28,23,224,185,757,83,1653,-,28,206,674,61,3,81,2,36,94,956,545,126,154,106,85,6,703,270,65,30,52,23,6,310,41,8,9
Sidoarjo,14571,82,-,1024,248,38,25,28,181,63,1897,137,2912,-,70,386,2024,241,9,379,20,453,105,1953,657,162,263,341,25,17,183,230,25,31,60,-,129,128,21,14,12
Mojokerto,9856,3,-,586,26,4,16,-,19,17,1584,82,2281,-,56,195,1647,57,8,212,11,114,87,1072,126,29,105,123,36,13,350,202,26,141,51,63,17,391,57,4,45
Jombang,6991,28,-,210,8,3,9,6,9,7,893,66,1121,-,27,181,1513,36,-,287,19,228,113,631,40,10,36,103,55,4,455,202,132,73,26,17,13,372,39,-,21
Nganjuk,4236,10,-,161,16,-,5,-,5,5,373,22,121,-,-,133,1680,5,-,64,-,134,47,150,30,-,0,21,23,13,542,277,98,12,4,2,12,222,19,-,29
Madiun,4548,1,-,466,93,14,1,16,13,11,490,9,57,-,6,287,1497,13,4,143,-,143,43,63,22,-,4,-,59,91,396,341,88,21,45,-,46,56,10,-,1
Magetan,4878,4,-,517,89,-,13,4,20,1,499,-,17,-,4,401,1564,9,-,129,6,128,53,163,34,-,7,7,55,17,504,189,64,22,240,-,50,25,36,5,-
Ngawi,4808,16,-,81,37,-,-,13,45,5,344,2,3,-,3,193,1731,9,-,489,-,77,60,26,-,-,22,72,15,3,303,250,124,11,714,7,33,102,20,-,-
Bojonegoro,6541,-,-,38,-,-,9,-,12,26,664,103,437,-,69,249,2031,6,2,117,6,202,18,255,94,-,-,9,117,154,504,371,27,15,20,4,57,905,10,5,7
Tuban,11862,543,-,808,26,19,139,162,428,35,791,238,616,-,42,251,1501,5,27,93,55,155,514,611,799,8,7,35,247,132,1077,215,382,12,65,26,39,1726,18,9,6
Lamongan,14019,218,-,700,4,-,92,30,289,82,2412,594,2702,-,292,164,1265,93,53,75,59,66,478,1556,704,216,125,158,255,48,243,151,32,17,136,103,10,562,1,12,24
Gresik,13525,114,-,756,143,-,48,61,297,32,2556,234,2510,-,96,188,1060,73,24,258,69,164,301,1931,886,186,195,67,92,22,488,206,55,80,105,7,32,140,15,29,5
Bangkalan,12019,561,-,1273,50,369,212,100,852,180,1075,97,1023,-,31,64,824,126,55,64,124,82,236,850,397,55,391,238,221,83,610,715,53,76,262,-,40,572,11,-,46
Sampang,11770,134,-,2089,-,413,80,591,1160,412,571,11,315,-,1,7,520,29,-,14,24,-,1795,290,421,44,11,91,248,62,1263,155,322,7,109,-,3,546,-,2,28
Pamekasan,9651,366,-,2040,88,686,109,92,224,596,56,9,121,-,7,29,154,13,-,3,71,14,938,432,1329,32,11,109,139,61,1552,160,-,-,0,-,-,210,-,2,1
Sumenep,22207,850,-,3281,184,1177,1147,700,1128,894,905,98,372,-,76,77,447,334,888,2,157,132,1518,1133,2599,299,136,157,73,84,2114,486,26,8,60,8,2,548,23,60,29
Kota Kediri,6340,26,-,82,150,8,88,6,86,10,493,6,81,-,22,270,2345,57,-,490,-,225,193,354,54,-,13,41,102,-,410,63,2,19,76,-,28,509,28,-,4
Kota Blitar,5673,49,-,174,157,-,-,-,43,8,81,60,99,-,-,590,1476,69,-,351,-,451,119,544,163,9,50,2,87,33,596,63,7,4,4,-,25,283,18,23,34
Kota Malang,11818,87,-,1434,343,58,104,22,221,139,744,7,1846,-,-,451,1745,266,17,192,97,636,230,1809,417,32,92,104,50,-,300,68,9,18,65,-,71,95,38,10,3
Kota Probolinggo,11415,228,-,1219,21,89,87,312,1191,248,230,45,238,-,41,122,819,177,25,4,53,210,841,1066,1817,75,139,100,156,7,1237,76,56,2,18,31,4,366,6,18,41
Kota Pasuruan,11882,232,-,1096,58,6,17,74,787,173,913,13,1925,-,-,256,981,147,-,57,61,200,350,1444,1049,106,245,19,302,7,934,126,26,-,50,10,7,208,5,-,1
Kota Mojokerto,11993,59,-,318,189,58,44,12,49,29,1086,10,2519,-,36,142,2076,101,-,479,52,730,203,1933,436,49,162,49,76,16,521,61,128,55,37,2,72,164,5,31,2
Kota Madiun,9289,22,-,549,220,33,182,-,249,3,775,72,89,-,-,1055,2403,84,11,328,47,643,36,913,294,31,54,36,37,16,340,88,7,1,194,-,194,236,23,12,11
Kota Surabaya,15640,207,-,1092,117,56,227,16,323,159,2122,32,2428,-,78,428,2065,151,30,463,156,633,174,1674,733,81,180,169,95,60,715,176,13,18,97,6,224,334,43,28,36
Kota Batu,7106,28,-,558,112,-,9,-,69,41,482,36,1531,-,32,205,924,143,-,207,-,97,78,756,193,84,19,101,3,3,604,18,42,-,210,-,48,407,35,6,27
Pandeglang,9757,336,-,1280,75,28,102,692,1677,243,401,50,75,-,1074,232,683,8,-,-,370,20,318,93,298,-,38,40,310,15,66,169,243,72,23,2,70,494,20,55,83
Lebak,12876,164,-,1393,82,107,92,110,1001,87,882,85,282,-,2203,290,584,9,-,15,1152,20,286,46,358,7,63,17,560,8,519,595,195,146,183,48,206,836,105,93,47
Tangerang,15066,176,-,1033,104,41,129,215,1993,289,1930,91,1199,-,447,195,1319,87,125,144,1134,174,147,744,571,20,146,67,255,40,155,772,71,201,42,137,311,81,259,219,7
Serang,12954,71,-,420,73,43,38,408,1120,398,3014,141,830,-,347,258,1128,106,-,104,1165,24,195,500,540,41,91,111,339,1,20,334,382,189,66,22,71,159,57,123,23
Kota Tangerang,21211,179,-,1031,401,20,346,344,2964,323,1420,71,938,-,892,723,2071,387,25,170,1047,653,21,2004,1306,-,120,133,183,90,142,1405,67,227,90,264,266,128,151,553,57
Kota Cilegon,15179,174,-,297,4,51,38,873,1580,859,1303,41,866,-,238,89,1742,147,31,39,1194,222,736,1073,1976,70,45,116,263,4,18,333,177,58,12,55,175,85,43,137,10
Kota Serang,11381,33,-,448,60,-,22,101,1039,161,2478,33,756,-,347,151,1189,106,-,105,912,147,165,555,849,-,141,48,276,3,22,211,374,103,14,30,98,186,10,199,6
Kota Tangerang Selatan,18776,483,-,988,610,26,182,368,2548,166,935,92,1114,-,1295,967,2262,291,4,217,408,379,169,1777,635,-,34,74,182,14,180,753,69,217,40,181,213,132,100,662,8
Jembrana,8696,393,-,1763,15,669,62,134,724,196,59,71,216,-,2,12,146,204,-,3,4,56,1789,690,114,30,60,1,9,16,431,614,20,-,-,-,12,179,-,-,-
Tabanan,6123,78,-,821,480,202,24,33,13,154,10,2,456,-,-,247,370,-,-,8,-,93,349,438,32,-,49,77,20,25,1239,741,65,-,-,-,44,52,-,-,2
Badung,9421,460,-,801,333,311,111,126,759,98,28,8,637,-,34,114,440,222,-,-,62,49,177,1060,331,7,8,26,7,12,2585,412,56,-,-,-,31,85,31,1,-
Gianyar,5909,71,-,285,143,16,61,3,12,3,22,-,872,-,11,26,172,106,-,3,-,-,6,282,64,-,9,166,10,29,2813,606,63,-,-,-,-,43,7,-,5
Klungkung,7702,31,-,2474,692,52,-,-,-,162,-,-,314,-,-,93,295,243,-,20,-,-,183,237,239,-,-,-,-,3,2332,305,-,-,-,-,-,21,2,-,-
Bangli,6386,37,-,227,7,64,6,-,-,-,-,-,2823,-,2,7,12,-,-,-,-,-,3,281,-,-,16,-,-,-,2224,622,4,-,-,-,16,16,19,-,2
Karangasem,4848,22,-,1163,39,201,132,-,28,40,-,-,135,-,3,10,6,-,-,-,-,4,16,88,27,-,-,-,5,32,2308,565,1,-,-,-,2,-,-,-,17
Buleleng,7235,302,-,1466,605,486,1,115,147,275,-,4,114,-,-,-,53,-,4,-,-,-,484,278,324,24,43,56,20,16,1234,751,107,24,-,-,18,268,5,-,12
Kota Denpasar,10708,332,-,1271,566,363,155,64,768,98,57,4,519,-,5,103,362,242,28,9,91,172,412,1756,721,9,15,26,59,34,2040,286,16,-,21,-,40,45,13,3,7
Lombok Barat,11327,309,-,2050,125,99,84,191,568,301,228,7,1041,-,17,1798,64,104,20,3,37,26,257,1066,827,41,119,54,56,26,668,788,95,13,3,4,-,137,51,38,12
Lombok Tengah,9006,65,-,1064,21,247,85,250,184,509,16,30,433,-,89,2143,112,55,7,-,45,2,266,489,632,1,58,76,3,67,713,771,107,39,11,-,-,218,45,153,-
Lombok Timur,13894,373,-,2618,118,530,177,219,325,1212,59,3,773,-,108,1350,104,106,233,6,95,9,679,911,1055,105,321,187,4,55,418,1344,72,38,6,-,12,148,63,47,10
Sumbawa,18909,1056,-,1553,107,434,536,113,700,554,1085,39,584,-,76,2282,158,1021,1065,-,175,53,2328,2018,1199,176,136,62,18,76,7,872,26,1,25,-,7,298,20,14,33
Dompu,15124,1137,-,861,100,585,323,3152,757,522,1645,9,79,-,18,1280,50,405,81,-,-,-,1527,853,540,72,222,84,-,37,-,556,80,5,8,-,-,99,-,28,9
Bima,15147,625,-,986,147,257,919,1043,414,887,1603,11,427,-,179,589,21,286,413,6,3,12,3566,960,354,121,61,77,5,49,90,727,66,1,50,-,-,110,44,27,11
Sumbawa Barat,27793,1095,-,832,111,1722,494,1188,1670,1547,186,343,3277,-,60,3260,191,2293,740,15,110,5,1261,2797,2764,412,89,80,47,64,164,796,76,4,-,-,-,81,13,4,-
Lombok Utara,15239,1189,-,2641,133,524,167,249,615,1642,4,11,276,-,32,1212,40,68,139,-,21,7,1331,801,1396,55,117,235,8,78,379,1141,103,31,4,-,13,465,40,68,5
Kota Mataram,16232,532,-,2199,228,351,1256,236,1008,144,180,80,351,-,110,2917,141,512,57,105,28,24,336,1880,1278,38,42,71,14,105,530,1017,96,90,51,7,18,32,22,130,14
Kota Bima,17658,616,-,1246,860,57,318,190,402,1159,2378,4,59,-,35,1575,63,1064,71,-,-,10,3003,1574,1171,77,86,24,114,41,98,959,72,4,17,-,-,267,31,15,1
Sumba Barat,7296,356,-,811,6,587,57,-,302,99,5,12,61,-,-,126,272,291,-,-,-,-,2446,227,350,100,-,-,-,22,8,998,16,-,11,-,7,71,-,54,-
Sumba Timur,12579,294,-,696,10,39,524,-,1411,383,-,324,1136,-,-,193,51,521,1189,70,-,23,4097,154,369,40,25,243,27,6,16,600,13,-,-,-,2,109,-,10,7
Kupang,8078,367,-,1472,65,157,-,56,1724,12,-,37,123,-,-,63,14,772,248,-,-,15,1755,530,146,82,35,68,34,10,15,190,-,-,-,-,3,61,12,11,2
Timor Tengah Selatan,4475,185,-,706,-,458,25,-,309,-,-,14,24,-,-,146,-,-,-,-,8,-,2155,-,5,-,-,5,-,3,4,305,3,-,-,-,38,62,10,-,9
Timor Tengah Utara,6358,352,-,783,185,215,22,612,1159,28,17,91,20,-,-,60,30,76,-,-,-,-,1690,203,35,-,-,20,59,0,46,281,98,-,-,7,22,249,-,-,-
Belu,8915,1773,-,1585,141,1285,163,198,1243,27,173,70,46,-,-,94,14,-,-,-,-,-,1098,63,70,67,-,24,74,12,112,298,-,-,-,-,61,203,6,-,18
Alor,11235,527,-,1334,247,55,74,1620,472,69,-,17,3,-,-,26,4,1193,74,32,-,37,3836,68,510,157,110,31,1,-,37,59,-,-,-,-,7,544,9,81,2
Lembata,12166,434,-,1372,3,92,291,3429,550,40,60,-,7,-,-,7,103,541,1180,6,29,24,1976,80,417,124,115,46,10,-,36,40,450,-,1,-,-,664,10,23,6
Flores Timur,12783,736,-,1095,90,1346,83,3706,1762,112,3,13,26,-,-,54,75,670,852,-,52,31,671,-,269,45,9,-,108,1,43,495,153,-,11,-,-,271,-,-,-
Sikka,11312,858,-,1917,463,87,30,3741,761,270,1,-,-,-,-,-,-,140,21,-,-,-,1592,-,253,-,0,31,-,4,94,452,10,-,-,-,-,581,-,5,1
Ende,13378,1906,-,2513,512,987,33,1533,2449,204,85,-,34,-,-,-,6,137,35,-,-,50,1076,82,221,-,-,59,9,92,24,1121,49,-,-,-,-,161,-,-,-
Ngada,13947,2571,-,2282,444,1424,125,25,698,451,267,-,63,-,-,42,338,133,9,-,-,11,2241,78,188,95,11,103,27,28,196,1634,148,-,24,-,-,257,26,3,4
Manggarai,9520,553,-,689,269,1227,5,48,347,546,63,-,-,-,-,13,54,188,248,7,-,-,3817,20,103,-,71,37,-,-,87,211,-,-,-,-,-,589,8,320,-
Rote Ndao,11291,2060,-,1597,52,322,15,564,791,166,63,3,229,-,-,13,28,1311,2209,-,9,104,1177,116,302,28,-,14,-,-,16,18,-,-,-,-,-,85,-,-,-
Manggarai Barat,11299,1161,-,503,503,585,239,819,235,403,79,14,25,-,-,44,-,324,491,7,-,22,3701,5,260,83,10,874,27,8,160,176,113,-,-,13,-,401,-,-,15
Sumba Tengah,7542,381,-,347,23,444,193,8,121,28,96,460,276,-,19,404,230,400,-,1,-,5,2812,103,284,99,15,73,-,9,33,596,-,-,2,-,8,61,7,5,2
Sumba Barat Daya,7461,243,-,729,155,576,94,38,389,229,59,17,78,-,0,-,-,415,29,-,23,3,1814,87,448,-,5,55,8,3,186,1454,16,-,40,-,4,240,-,19,1
Nagekeo,8726,1672,-,1053,131,814,25,1093,554,140,306,15,205,-,-,11,19,18,-,-,-,48,1264,63,141,24,56,32,-,30,18,809,105,-,-,-,-,79,-,-,-
Manggarai Timur,8920,618,-,376,31,1111,-,6,58,225,68,-,37,-,-,-,28,-,-,-,-,344,4518,11,29,5,38,61,22,12,61,299,8,-,-,-,-,945,-,-,5
Sabu Raijua,15628,1677,-,4051,892,117,73,263,1457,143,71,-,-,-,30,-,9,549,174,61,-,290,2642,118,1698,601,251,247,48,6,27,59,-,-,-,-,-,7,-,18,49
Malaka,7460,479,-,1520,8,234,-,13,677,62,375,95,129,-,-,24,55,-,-,-,-,25,2083,186,18,127,12,53,14,4,104,303,-,6,12,-,108,729,2,-,2
Kota Kupang,11772,1261,-,1833,192,393,143,107,4864,106,54,40,-,-,-,68,96,493,14,-,-,17,875,352,288,35,-,5,49,-,10,165,-,-,-,-,8,253,32,20,-
Sambas,14806,613,-,2430,59,112,127,131,836,165,1542,608,46,-,14,543,254,38,-,285,590,81,2460,1113,427,20,-,222,67,20,40,1072,26,311,6,56,74,327,47,2,42
Bengkayang,19870,300,-,3957,-,1182,830,17,1898,37,163,2025,19,-,172,1188,834,244,-,551,109,7,1943,744,544,21,35,91,301,88,36,1570,15,349,7,45,141,314,64,24,6
Landak,19353,78,-,2244,108,280,36,6,1287,9,126,1133,71,-,886,2977,1160,2,14,1158,247,20,2699,505,303,-,141,62,335,-,67,1297,45,308,34,108,287,1185,81,26,25
Mempawah,16594,276,-,2860,17,88,379,330,2514,32,335,303,11,-,239,1321,47,41,-,321,308,60,2598,1793,492,100,75,145,251,-,11,813,41,169,-,63,84,417,55,-,3
Sanggau,17343,36,-,1075,94,62,25,-,873,8,104,1289,123,-,1340,3687,1754,21,21,665,199,33,1857,408,169,-,28,157,436,30,12,1166,2,259,10,171,459,636,106,-,29
Ketapang,22319,219,-,1022,42,-,355,316,2994,30,2097,2014,163,-,279,1517,1181,503,15,214,1101,26,4080,1068,547,51,68,115,215,16,17,1050,57,138,9,368,201,185,7,38,-
Sintang,20104,13,-,508,28,26,214,-,778,47,82,1796,98,-,811,3525,3103,31,-,830,761,30,3359,746,353,30,9,15,159,16,96,1371,14,97,28,126,324,557,70,46,6
Kapuas Hulu,17224,-,-,1123,37,77,89,-,515,-,334,1683,53,-,111,1492,602,31,-,1903,474,-,5416,50,268,4,4,135,91,6,2,787,2,79,16,160,142,1363,151,26,-
Sekadau,20706,44,-,1372,338,131,-,-,453,-,558,2297,180,-,1419,3207,3036,141,60,1051,815,97,851,281,108,-,19,442,247,33,18,1197,34,402,18,302,200,1084,101,-,170
Melawi,20007,-,-,792,46,122,13,44,791,28,117,956,93,-,1335,4068,1890,38,1,1845,989,6,2082,326,556,-,136,231,30,28,29,1446,24,64,6,30,585,1173,49,0,37
Kayong Utara,20181,82,-,2338,-,-,657,249,3882,18,956,738,18,-,3,1018,302,180,-,48,743,106,3344,2589,290,60,116,138,317,3,3,955,99,15,-,49,183,536,138,5,4
Kubu Raya,15549,184,-,2563,5,17,293,92,2517,44,485,785,40,-,52,1523,317,32,5,186,137,61,1960,1091,564,32,12,51,224,48,9,864,112,205,35,87,99,673,128,-,15
Kota Pontianak,23602,157,-,3433,70,16,1577,45,4150,51,171,93,-,-,186,2969,527,708,-,207,796,58,1190,3136,1358,48,50,337,237,12,6,638,59,255,1,162,180,494,202,16,8
Kota Singkawang,22625,1158,-,4649,105,100,990,694,2866,360,78,255,6,-,33,831,658,120,-,83,791,11,1854,2375,1463,48,70,190,341,76,13,1448,45,214,4,87,194,277,98,13,28
Kotawaringin Barat,22336,87,-,1193,43,196,217,142,1160,21,1336,2368,13,-,1188,4336,890,665,50,1267,799,215,1681,2001,491,158,100,99,153,18,69,167,19,50,58,185,388,497,7,6,6
Kotawaringin Timur,22047,62,-,1897,30,2,131,1470,608,-,1082,3022,56,-,142,3545,663,26,29,2648,1221,35,1193,992,256,99,196,381,103,292,189,53,4,184,2,180,657,560,32,-,4
Kapuas,20279,7,-,463,3,57,4,138,365,95,187,4746,80,-,427,2322,501,14,31,3311,387,40,3016,721,57,-,-,287,33,136,62,91,24,1085,62,252,241,998,15,-,20
Barito Selatan,23185,68,-,290,58,25,26,423,137,97,252,4813,81,-,852,2818,814,79,4,4839,113,64,3244,694,47,76,-,134,54,40,48,4,14,611,4,728,266,1207,74,-,89
Barito Utara,16893,-,-,240,-,31,-,117,203,24,84,790,71,-,931,2829,848,30,183,4033,585,-,2016,567,24,61,11,311,161,277,163,81,45,589,31,150,439,895,21,-,56
Sukamara,29220,227,-,1005,2,-,292,10,1048,25,3016,2778,126,-,573,4959,1316,548,221,1958,1169,16,1508,3347,1022,796,177,117,584,14,-,350,9,73,14,463,856,453,15,-,133
Lamandau,30226,120,-,1270,16,-,3,47,1103,106,1851,1852,30,-,1316,5017,1228,-,-,5042,2092,-,4795,2101,275,81,37,5,171,33,13,232,48,66,99,306,276,538,20,35,-
Seruyan,21291,-,-,808,-,-,17,99,306,57,924,3663,78,-,333,4026,742,17,63,3161,1253,85,2365,1108,121,34,9,209,13,47,101,37,2,70,1,446,531,534,7,-,24
Katingan,26412,155,-,449,0,-,96,134,179,-,314,4216,24,-,1443,4065,346,50,28,5972,1398,127,2918,806,13,-,-,81,1,44,25,47,33,261,7,1195,859,1110,5,-,12
Pulang Pisau,17569,-,-,521,-,-,-,429,426,35,543,3220,12,-,257,2536,415,11,-,3207,372,1,2006,994,166,131,-,155,6,40,51,63,125,841,-,183,184,534,10,-,94
Gunung Mas,25621,13,-,167,-,-,35,5,195,-,64,1255,12,-,2795,5740,625,1,71,6627,1924,43,3356,152,83,137,8,242,3,-,11,48,-,215,-,169,843,748,36,-,-
Barito Timur,18495,-,-,470,127,36,-,267,147,-,123,1875,27,-,1126,3315,722,14,93,3146,199,52,3051,607,239,17,22,97,-,43,55,14,27,523,19,250,514,1157,22,102,-
Murung Raya,20129,7,-,54,-,-,-,15,52,-,56,924,18,-,1756,3558,779,-,190,5845,574,140,3387,239,27,-,2,298,96,84,43,8,10,675,19,121,708,422,-,-,18
Kota Palangka Raya,21387,35,-,566,-,21,-,137,648,48,152,2194,126,-,574,5814,555,34,62,4029,173,219,1742,1357,535,59,11,90,50,186,40,160,74,503,-,84,368,620,71,48,2
Tanah Laut,20266,11,-,1603,23,3,119,541,1599,20,469,2838,356,-,275,3703,479,124,43,1825,458,20,2006,1212,306,194,12,261,64,447,144,48,49,402,2,69,110,352,69,3,9
Kota Baru,23241,372,-,2173,9,139,245,748,2597,150,3052,1136,362,-,282,2100,185,1056,130,721,670,9,1755,1891,995,117,161,175,102,74,165,201,153,78,13,12,371,761,49,25,9
Banjar,17909,-,-,454,59,-,24,494,945,7,317,3187,58,-,368,3544,202,7,8,1415,308,20,2512,835,264,129,8,405,49,430,133,16,32,826,86,85,218,416,26,16,4
Barito Kuala,19098,65,-,1143,20,19,3,261,1042,6,307,5032,158,-,68,1860,80,4,1,1873,329,5,3079,1189,264,35,-,223,38,259,237,11,62,777,2,133,158,344,13,-,-
Tapin,22408,50,-,513,10,22,42,562,985,23,203,3992,60,-,1342,4036,817,29,62,2032,245,112,2228,923,324,48,21,127,146,191,322,91,60,1589,4,281,518,336,52,8,4
Hulu Sungai Selatan,17313,13,-,171,10,67,24,118,1277,5,79,3406,77,-,341,2114,88,8,6,708,23,6,5863,377,66,-,0,89,65,36,64,-,12,1319,7,131,415,286,15,18,13
Hulu Sungai Tengah,15621,-,-,122,-,7,7,425,845,34,75,3498,60,-,590,2446,126,15,14,1177,146,9,3320,256,52,-,-,29,55,285,254,7,14,1219,9,84,249,180,2,3,4
Hulu Sungai Utara,16239,-,-,59,22,31,-,177,213,-,126,2470,79,-,127,3694,97,-,4,987,122,14,6287,467,16,-,-,35,-,23,31,20,39,681,5,121,72,221,-,-,-
Tabalong,22382,93,-,610,222,4,65,447,1148,51,417,2981,131,-,1871,4340,435,15,24,2085,129,67,2573,879,298,6,23,46,39,321,195,106,71,1453,15,238,195,620,58,110,-
Tanah Bumbu,18876,350,-,1997,55,34,79,679,2645,40,1310,1807,236,-,121,2600,670,118,8,599,390,43,1228,1088,994,294,17,95,76,233,77,218,28,188,-,51,119,342,15,14,19
Balangan,18272,57,-,473,8,38,-,368,895,-,87,2517,152,-,1728,3364,151,-,12,1730,187,43,3280,397,119,64,11,58,29,199,210,12,12,1306,15,45,279,389,9,27,-
Kota Banjarmasin,19532,17,-,1770,59,81,71,460,1346,3,284,2469,37,-,332,4014,415,16,12,2512,207,10,1010,1390,538,-,3,206,50,670,22,59,10,861,6,83,269,143,30,60,6
Kota Banjar Baru,22062,77,-,1112,437,42,89,299,1265,26,180,1822,245,-,607,4493,1223,63,29,2241,139,75,1797,1710,1005,204,7,230,199,579,96,72,49,649,13,63,334,432,37,42,81
Paser,21857,82,-,2174,124,23,386,1813,1249,55,2898,964,70,-,857,2761,1231,1303,25,633,594,57,1064,1414,397,153,22,467,0,47,41,63,86,255,51,39,45,353,55,3,3
Kutai Barat,22784,20,-,1230,1,45,-,77,251,9,648,2834,135,-,2463,2923,2156,20,-,2346,247,14,6032,164,29,16,-,60,32,-,-,2,3,136,-,88,115,679,-,-,9
Kutai Kartanegara,20206,50,-,2776,118,186,36,419,1430,120,1232,1712,163,-,825,2258,1082,297,26,1112,120,13,2589,1541,380,247,8,173,25,12,16,100,56,232,25,85,153,536,26,7,21
Kutai Timur,26093,153,-,3734,1328,168,46,65,1392,333,2052,1870,116,-,622,2195,989,516,284,1637,300,59,2775,2494,705,519,35,151,58,4,57,313,30,196,38,267,207,374,13,-,-
Berau,25241,715,-,2440,595,353,310,172,1903,246,2148,382,205,-,397,832,350,1929,401,423,333,53,4037,3443,957,637,326,239,299,-,11,182,49,40,41,18,238,441,87,9,-
Penajam Paser Utara,17039,56,-,2910,26,138,67,1522,1453,283,2471,740,408,-,15,1121,173,265,52,126,411,6,1793,1521,288,193,9,76,44,8,5,121,68,72,24,46,5,472,9,26,16
Mahakam Ulu,27213,36,-,965,-,-,-,137,136,131,867,422,43,-,5251,1201,762,51,-,9193,30,27,5407,360,108,279,189,41,-,4,13,295,28,21,-,15,433,687,5,53,26
Kota Balikpapan,23566,299,-,2948,872,102,154,1252,2003,549,1702,141,116,-,291,2077,1117,1081,207,239,147,47,3104,2109,1213,289,186,398,20,16,27,110,43,176,1,23,203,269,31,4,1
Kota Samarinda,21637,297,-,2014,326,199,33,320,832,131,1075,693,97,-,1192,3930,897,287,64,1229,159,-,3073,2373,771,326,67,134,56,101,43,104,47,115,4,43,114,392,51,6,42
Kota Bontang,22525,364,-,2707,1033,33,112,41,3024,784,1565,131,114,-,572,484,640,584,633,208,4,22,5470,1719,860,122,69,119,99,2,54,261,16,72,-,18,141,353,77,14,5
Malinau,22145,288,-,574,-,193,14,-,1056,72,4750,774,786,-,94,1548,1209,296,228,2150,171,7,5247,1102,143,65,112,156,66,0,126,98,-,-,36,23,289,390,55,-,26
Bulungan,20160,409,-,1423,208,520,-,57,761,89,4244,460,724,-,51,579,292,938,111,748,28,76,3369,2162,387,337,46,619,56,17,2,49,12,12,25,-,132,1008,199,3,10
Tana Tidung,25520,161,-,740,52,50,-,9,628,498,6670,626,1198,-,9,166,649,2116,39,514,187,179,4013,5195,27,202,152,441,25,-,-,61,-,-,6,25,90,548,209,-,34
Nunukan,23590,201,-,1178,617,803,108,604,2153,251,6039,759,570,-,12,720,363,504,125,549,131,87,3515,1468,615,274,164,106,113,75,76,277,-,-,90,21,98,845,42,27,9
Kota Tarakan,19562,176,-,400,316,510,46,52,579,66,4560,67,1337,-,32,20,163,1662,107,44,502,62,3414,3137,347,649,243,96,-,1,-,53,18,6,60,-,184,517,105,-,32
Bolaang Mongondow,15697,1170,-,1302,375,4357,180,1166,785,207,3,42,1811,-,29,160,54,342,9,-,-,-,303,283,359,5,37,93,36,62,1493,723,143,-,-,-,110,41,-,17,-
Minahasa,17329,2269,-,309,1703,4166,36,2072,450,332,-,125,2427,-,34,46,30,-,-,-,-,-,108,18,157,-,-,94,15,12,2166,513,80,-,-,-,47,97,-,-,23
Kepulauan Sangihe,18957,409,-,3359,778,3391,170,5075,1765,77,-,-,141,-,7,348,2,819,161,-,2,4,1088,109,282,42,-,4,86,-,592,36,41,-,-,-,35,107,-,23,5
Kepulauan Talaud,20428,1750,-,1705,903,5718,136,1993,2190,253,30,-,704,-,-,14,6,1561,969,70,-,58,705,274,327,46,118,-,31,152,166,66,242,-,-,8,173,58,-,-,-
Minahasa Selatan,18344,1200,-,1283,2280,4782,154,2095,483,238,20,54,1552,-,23,55,-,212,33,-,-,29,488,107,394,15,18,14,29,85,1479,861,97,-,-,-,44,218,-,-,-
Minahasa Utara,22162,1672,-,1797,1219,5283,144,1670,1622,210,20,154,2291,-,63,104,21,656,249,24,177,313,1490,337,645,163,139,197,11,115,379,349,70,13,-,1,64,101,198,198,-
Bolaang Mongondow Utara,16203,1834,-,1616,149,3431,194,1749,1183,864,70,102,936,-,-,15,23,834,243,15,35,5,492,368,156,166,17,66,-,8,555,951,38,-,-,32,32,23,-,-,-
Siau Tagulandang Biaro,15514,442,-,3721,440,3033,105,3176,997,2,-,15,178,-,-,-,-,991,61,-,-,-,1726,41,410,26,-,39,-,6,42,-,-,-,1,-,40,22,-,-,-
Minahasa Tenggara,16826,910,-,961,2048,4318,87,1755,1107,51,-,205,2515,-,245,117,-,259,15,-,-,-,950,165,153,147,-,104,-,-,372,193,-,6,-,-,54,64,-,26,-
Bolaang Mongondow Selatan,15636,1336,-,2120,148,3199,129,4647,513,245,1,-,79,-,-,-,36,458,205,-,-,40,73,272,1062,101,-,-,-,32,244,634,24,-,2,-,13,4,-,20,-
Bolaang Mongondow Timur,18420,1402,-,761,736,4152,258,1866,1961,653,30,23,1955,-,48,237,11,432,61,-,-,149,452,394,439,223,-,6,9,25,1500,386,70,27,-,-,117,37,-,-,-
Kota Manado,20611,978,-,1465,2091,5677,101,2228,1971,281,125,46,2426,-,111,-,-,244,115,-,-,60,1004,194,532,13,-,-,10,9,333,280,23,-,-,16,149,113,11,5,-
Kota Bitung,18852,674,-,2023,1133,4748,61,4471,801,466,-,3,1459,-,40,-,21,297,45,-,-,-,607,112,705,28,-,55,10,8,684,125,3,-,-,7,85,134,-,19,28
Kota Tomohon,21567,850,-,638,1869,5665,59,4327,841,341,10,12,1936,-,4,4,-,3,-,-,-,-,181,85,177,-,-,1,18,3,2442,1473,138,18,-,-,81,390,-,-,2
Kota Kotamobagu,13896,204,-,484,354,2174,111,2069,1642,254,8,-,912,-,40,557,-,169,46,-,6,-,59,778,151,-,-,13,3,4,3077,603,39,-,2,5,32,76,4,15,4
Banggai Kepulauan,13994,630,-,1444,75,1921,153,2687,1606,38,31,4,28,-,4,3,12,1017,870,-,4,5,2708,40,402,37,-,25,-,5,82,83,21,-,-,-,-,60,-,-,-
Banggai,14788,887,-,4381,251,1882,271,1854,1054,174,131,90,325,-,-,39,26,265,110,-,-,57,1184,402,551,127,-,7,1,2,297,310,-,-,-,-,6,100,4,-,-
Morowali,23703,930,-,3114,409,3676,142,1390,3917,552,1305,167,205,-,1,-,139,2611,698,-,-,246,991,912,913,284,132,2,220,34,302,279,7,-,-,-,-,4,3,117,-
Poso,17315,588,-,180,451,1665,29,6586,1354,32,749,284,2279,-,410,12,632,-,55,-,-,-,470,255,156,5,17,-,19,33,101,570,71,-,26,3,73,209,-,-,-
Donggala,13054,770,-,706,113,3184,96,2965,680,236,452,71,149,-,31,21,27,372,225,-,11,13,1301,196,394,34,25,23,-,21,101,309,114,3,5,-,24,343,2,11,24
Toli-Toli,13501,583,-,276,496,3301,153,1299,607,329,299,57,163,-,-,15,41,241,386,-,-,6,3382,709,433,70,32,102,-,2,12,287,22,-,-,-,18,153,22,-,7
Buol,12062,719,-,101,140,3079,153,3155,552,270,193,133,119,-,-,105,5,566,246,11,-,7,1771,148,9,3,9,31,2,14,12,273,106,-,-,-,14,104,4,-,7
Parigi Moutong,13220,639,-,664,59,2413,96,3798,899,426,773,18,405,-,-,-,25,147,267,-,16,-,330,753,704,87,22,-,6,16,18,417,27,2,55,4,27,88,1,16,1
Tojo Una-Una,13775,850,-,1202,214,2595,88,5446,353,228,37,21,127,-,-,22,14,508,532,4,-,-,319,280,430,25,13,16,7,9,5,144,75,-,1,-,33,175,-,1,2
Sigi,10201,1180,-,551,282,1450,8,742,659,247,979,156,1134,-,46,21,169,20,-,-,-,12,459,201,248,15,3,9,93,15,62,775,84,-,-,2,195,223,117,-,46
Banggai Laut,14038,638,-,283,157,3628,188,1766,4087,17,69,8,-,-,-,-,-,442,800,-,14,120,738,31,724,138,8,16,78,2,3,-,14,-,-,-,8,26,29,6,-
Morowali Utara,22505,2309,-,387,201,3405,339,929,4864,926,1053,2099,1759,-,245,23,342,141,316,13,11,4,758,489,716,267,11,1,85,6,66,491,54,-,16,32,31,114,-,-,-
Kota Palu,14870,2204,-,573,335,1193,138,4331,1062,295,722,20,315,-,4,41,6,272,366,-,-,31,370,971,890,8,-,46,14,38,47,379,5,1,0,-,13,111,55,13,-
Kepulauan Selayar,15441,295,-,233,107,2141,39,1017,1830,812,440,-,2,-,-,-,-,1829,1619,14,28,16,2634,776,486,166,36,138,7,5,38,190,22,-,-,-,19,473,-,30,-
Bulukumba,16823,400,-,834,264,2203,163,1055,2265,881,2205,31,484,-,43,193,77,331,318,15,6,33,1545,1151,953,179,56,95,16,47,231,495,-,5,36,-,9,167,16,19,-
Bantaeng,14395,353,-,59,30,1041,15,884,2082,1441,2876,10,133,-,-,26,78,45,142,-,-,-,2801,472,186,9,6,84,40,32,77,935,24,13,22,27,-,300,91,53,8
Jeneponto,14025,230,-,326,79,1386,23,330,1604,1120,2970,25,487,-,108,154,44,138,250,13,334,4,1477,983,231,94,38,236,7,6,92,777,26,2,334,0,35,28,11,14,8
Takalar,14248,72,-,36,242,1031,11,1024,652,1061,2983,44,215,-,3,307,27,434,843,-,157,1,2382,1090,325,151,22,113,-,4,27,410,147,5,36,3,-,340,14,19,18
Gowa,13881,211,-,243,182,1506,102,270,1695,1289,3282,34,206,-,18,703,48,406,152,11,-,-,1052,864,209,24,10,73,1,65,173,483,68,-,55,-,59,367,3,9,6
Sinjai,14179,435,-,562,60,1941,152,1354,1231,1204,1177,19,173,-,3,72,24,154,155,-,25,-,2755,922,264,49,26,79,16,110,59,896,93,-,-,-,32,111,-,28,-
Maros,18160,552,-,68,214,1972,64,315,1976,1617,4725,190,994,-,64,629,34,207,96,-,-,15,885,1206,343,175,36,346,63,17,163,506,163,12,75,10,30,354,31,8,6
Pangkajene dan Kepulauan,19097,356,-,35,220,1388,38,472,1811,1565,4204,147,1379,-,60,770,28,241,544,-,-,-,1680,1834,631,290,71,111,24,16,28,368,55,32,147,8,89,421,14,17,4
Barru,17966,562,-,324,199,2080,17,507,2972,1208,2636,115,437,-,1,109,4,78,797,-,1,-,1869,1642,633,346,82,48,36,1,126,700,54,-,60,4,8,298,-,11,3
Bone,14483,110,-,789,293,2001,63,151,916,919,1873,137,530,-,22,84,50,255,214,16,57,20,2640,1405,356,161,37,8,-,5,536,378,53,46,32,15,6,256,37,14,-
Soppeng,15466,126,-,289,273,1411,31,160,393,157,3598,554,2524,-,102,422,14,146,41,43,-,1,1914,983,250,169,1,22,7,25,194,279,17,95,30,91,48,873,127,5,50
Wajo,15756,79,-,254,158,905,16,2,495,177,3309,746,3329,-,223,237,25,279,104,38,-,6,1836,1911,165,267,35,24,8,10,53,255,-,18,125,116,34,367,149,-,1
Sidenreng Rappang,16084,101,-,423,264,1779,7,67,205,178,3262,484,726,-,204,2237,105,16,18,38,4,-,1386,1907,441,76,-,169,8,13,430,585,11,-,82,60,30,731,27,-,10
Pinrang,15143,142,-,666,144,2126,143,227,891,426,2953,287,980,-,126,1088,40,263,93,-,-,-,1141,1441,186,50,10,80,11,7,407,421,41,-,156,14,15,499,51,-,16
Enrekang,12410,1263,-,35,18,555,14,306,287,358,3118,64,62,-,125,853,8,19,32,-,-,17,2306,490,103,-,-,64,-,18,246,830,103,17,96,-,35,879,23,-,66
Luwu,13817,89,-,740,145,2233,90,36,1180,843,2641,204,776,-,191,289,128,133,231,-,8,8,809,947,141,78,52,206,17,36,52,1008,10,0,226,28,21,186,20,8,7
Tana Toraja,11443,104,-,49,245,278,-,9,237,410,3436,186,541,-,1346,283,480,-,-,-,-,34,1401,193,12,-,1,19,-,51,36,1871,1,-,34,-,67,117,-,-,-
Luwu Utara,15802,216,-,1350,20,1967,69,381,2014,466,3334,675,1381,-,189,438,176,40,39,9,-,18,589,845,32,36,63,377,-,-,28,639,74,8,65,45,30,160,13,-,15
Luwu Timur,18232,549,-,663,1179,2289,1,-,965,777,2800,536,1568,-,133,924,81,290,453,-,16,8,1394,2034,165,132,33,143,-,-,9,432,7,41,191,-,46,365,3,-,5
Toraja Utara,13655,129,-,78,143,200,38,-,443,372,5008,102,501,-,1475,68,1080,-,-,39,-,-,1573,257,-,5,134,100,1,13,8,1529,16,-,164,-,57,103,18,-,2
Kota Makasar,23317,787,-,458,1980,2190,215,419,2364,1939,4305,159,631,-,97,704,209,578,668,9,38,41,920,2454,788,266,58,230,11,23,36,385,30,-,95,17,75,102,19,14,5
Kota Parepare,15925,330,-,737,1096,2019,8,21,586,561,2171,76,99,-,87,735,10,467,406,-,-,41,2751,1907,570,22,5,22,2,16,444,382,-,-,69,8,42,199,28,3,5
Kota Palopo,17731,312,-,514,280,2246,91,1771,1396,1243,2691,32,491,-,96,147,24,473,400,42,33,25,1925,1863,202,85,101,147,-,3,5,625,63,-,238,-,10,150,7,-,1
Buton,11273,966,-,1341,357,587,353,3809,559,190,32,-,92,-,-,6,15,390,555,-,31,-,917,103,569,199,10,5,-,-,17,74,63,-,-,-,-,10,-,22,-
Muna,13313,547,-,205,191,874,70,824,4817,409,133,45,74,-,-,2,4,664,106,17,26,4,3041,106,699,57,20,33,2,15,29,45,1,-,-,-,-,255,0,-,-
Konawe,17672,1564,-,663,460,2893,86,261,1914,919,1693,798,1383,-,26,211,254,91,373,10,32,8,1359,676,607,70,24,35,22,105,320,397,46,20,0,12,29,308,3,-,-
Kolaka,18901,829,-,394,52,3660,110,383,3268,946,2556,123,623,-,39,57,203,915,368,0,8,20,1500,1329,515,27,25,70,34,8,30,525,-,7,21,2,7,186,34,28,-
Konawe Selatan,14295,881,-,767,268,2599,120,387,2627,367,1310,295,410,-,8,123,101,176,413,77,-,2,783,575,536,241,63,10,28,33,152,280,149,26,16,34,45,306,4,80,3
Bombana,17451,579,-,237,174,2987,158,1042,1595,80,1486,72,275,-,10,106,56,2333,748,141,120,12,2874,1043,698,166,10,20,7,7,10,92,63,3,7,-,-,237,1,-,-
Wakatobi,16200,1623,-,2336,760,2016,329,1329,1206,30,65,-,-,-,-,-,37,1871,1865,6,17,-,1381,219,514,123,147,-,82,-,18,-,14,-,-,-,-,210,-,-,-
Kolaka Utara,17606,632,-,319,96,3506,27,1371,871,489,3199,52,520,-,18,238,-,404,403,-,179,97,2214,1294,543,78,87,32,10,4,23,536,42,9,80,-,15,191,15,-,12
Buton Utara,15989,494,-,1147,526,1521,203,4284,1075,166,35,29,25,-,-,-,113,1134,1028,31,8,8,1856,364,440,551,157,6,-,-,360,68,156,6,-,-,-,155,-,44,-
Konawe Utara,22954,1626,-,500,180,3323,204,271,3333,733,1960,645,1568,-,22,65,38,627,416,7,131,-,2123,1257,1149,642,200,72,203,22,138,333,124,36,35,81,40,744,11,67,28
Kolaka Timur,17059,634,-,495,286,2497,75,102,1546,602,2580,1173,1726,-,155,90,153,26,22,-,-,8,2659,509,489,36,5,47,36,15,45,591,80,8,-,21,10,308,31,-,-
Konawe Kepulauan,13565,972,-,1844,160,2159,143,597,1872,613,34,18,4,-,-,-,26,605,231,10,34,34,2059,39,1298,214,112,98,9,-,3,10,-,-,4,6,16,311,5,27,1
Muna Barat,12062,1415,-,101,155,1123,307,261,1960,194,202,56,289,-,-,19,40,62,241,-,38,-,4304,198,244,62,-,33,72,14,77,122,19,-,-,2,-,414,-,30,8
Buton Tengah,13759,343,-,609,113,1242,79,1377,2366,158,160,3,-,-,-,19,20,2278,1457,-,72,-,2379,321,303,320,8,-,1,-,-,18,17,-,-,-,-,93,-,-,-
Buton Selatan,10783,1119,-,1892,426,1677,83,1760,665,217,1,2,-,-,-,-,15,516,399,12,-,-,1104,4,477,26,94,5,-,2,130,26,3,-,-,-,11,87,13,15,1
Kota Kendari,22420,1735,-,710,968,4156,179,495,3336,1129,1101,57,143,-,-,5,3,922,675,-,313,59,2525,1948,1090,90,-,-,27,1,74,249,14,-,23,1,42,272,12,27,38
Kota Baubau,16987,1050,-,960,1010,1501,51,3674,1616,341,80,1,11,-,10,-,30,1043,484,-,-,9,3725,588,561,103,27,-,-,-,16,50,-,-,9,-,-,34,-,3,-
Boalemo,14734,777,-,1473,522,3328,48,1503,317,1082,195,28,551,-,32,399,118,302,722,30,6,7,547,313,1213,48,14,92,-,25,179,748,3,-,7,-,33,63,-,7,-
Gorontalo,16247,666,-,600,565,2772,78,2287,257,419,166,201,1217,-,55,1098,32,74,24,-,-,13,2220,395,683,25,-,3,7,46,731,923,9,-,-,-,129,495,10,14,35
Pohuwato,15517,1184,-,877,394,2402,56,1546,1094,917,964,251,1043,-,17,250,76,516,532,-,-,35,1058,529,818,63,49,91,11,12,141,467,13,-,6,-,53,18,4,28,-
Bone Bolango,13992,512,-,759,1720,1512,26,2985,683,245,36,1,787,-,8,605,56,142,35,-,-,-,1960,359,585,4,-,17,-,-,55,350,9,-,1,-,106,432,-,-,2
Gorontalo Utara,15805,1267,-,688,266,4380,83,1499,731,1077,82,5,222,-,19,98,17,297,606,-,-,23,1698,716,377,-,3,5,15,14,374,1090,37,-,-,-,107,4,-,6,-
Kota Gorontalo,19399,1953,-,754,2831,3295,69,3484,349,310,67,131,1183,-,0,501,6,108,38,-,-,6,1958,531,778,32,-,29,-,7,196,304,23,-,-,-,69,385,-,-,0
Majene,12760,321,-,2406,590,2204,58,2425,692,300,46,3,13,-,-,131,-,256,132,-,-,48,1921,209,289,23,3,120,4,6,122,99,90,2,5,-,-,233,-,-,6
Polewali Mandar,13246,286,-,1025,868,1683,63,869,800,518,1785,31,154,-,8,530,4,99,141,-,10,19,1233,755,284,164,21,18,29,13,584,528,98,107,115,-,-,368,1,8,27
Mamasa,9325,51,-,51,126,816,11,116,124,159,3311,174,180,-,305,255,4,19,15,-,-,16,151,27,44,-,21,7,51,48,241,1804,64,14,91,-,38,936,-,-,54
Mamuju,15682,468,-,1335,569,5026,106,242,937,592,1641,229,309,-,59,217,52,281,186,-,4,89,991,686,306,17,19,30,20,21,511,331,-,7,73,9,17,279,-,-,26
Mamuju Utara,17818,1917,-,892,263,3472,82,1135,981,230,2570,381,230,-,19,149,110,306,354,-,19,62,676,1429,835,28,48,56,41,60,534,483,50,5,166,35,30,161,7,-,5
Mamuju Tengah,16271,934,-,710,403,3282,54,630,1579,356,2524,705,536,-,67,436,127,290,391,10,4,84,651,817,343,145,49,8,81,5,198,400,70,4,129,12,3,231,3,-,-
Maluku Tenggara Barat,17177,2282,-,515,276,378,1012,936,1964,350,127,25,1,-,-,6,64,4387,3054,62,-,-,919,143,412,47,24,65,17,14,2,2,1,1,6,-,7,66,-,11,-
Maluku Tenggara,15264,1076,-,1578,69,470,220,442,1111,694,8,8,-,-,-,-,21,1521,1445,6,19,320,5822,-,200,28,74,0,-,-,29,55,-,-,-,-,5,8,-,24,11
Maluku Tengah,16770,277,-,2253,575,2412,165,2410,1135,39,511,31,-,-,-,-,25,344,130,-,10,26,5255,14,539,3,-,16,-,-,451,29,-,-,66,-,-,52,-,0,-
Buru,13740,848,-,1594,689,1903,31,1445,2027,282,57,201,442,-,8,95,26,869,119,-,50,11,2537,11,151,-,8,2,13,-,110,112,3,-,-,-,-,61,30,7,-
Kepulauan Aru,18849,1524,-,584,87,1682,354,-,3076,76,-,-,-,-,-,-,-,1677,688,-,-,-,6942,561,412,685,60,61,3,-,-,8,-,-,-,-,-,366,6,-,-
Seram Bagian Barat,14703,1073,-,543,647,1940,32,1948,2766,117,7,26,-,-,12,-,-,63,170,20,13,31,3859,13,270,46,-,18,2,-,704,-,69,-,-,-,-,312,-,1,-
Seram Bagian Timur,15142,579,-,2349,778,1657,73,942,2052,1,7,19,17,-,-,142,14,861,293,-,22,34,3816,75,368,76,14,360,4,0,213,60,51,-,-,0,12,228,-,26,-
Maluku Barat Daya,17734,2556,-,1914,227,580,161,202,212,-,-,6,10,-,2,-,128,5049,939,21,-,141,4783,116,308,37,15,163,-,11,4,32,-,-,-,-,13,94,-,10,-
Buru Selatan,11846,351,-,1300,608,1614,28,441,689,-,-,20,27,-,-,-,-,692,80,-,-,16,4977,19,147,-,-,-,-,-,660,-,42,-,-,-,-,126,-,7,-
Kota Ambon,17569,579,-,1921,851,1817,139,2813,426,430,2,32,-,-,-,13,-,77,9,-,-,19,6913,148,477,45,-,6,-,15,656,74,-,-,-,-,25,83,-,-,-
Kota Tual,16859,1160,-,1665,65,440,84,745,993,682,-,-,-,-,-,20,8,2827,1518,1,-,149,5803,30,346,31,121,49,-,-,25,9,-,-,17,-,11,13,-,46,-
Halmahera Barat,17786,1869,-,2574,928,4779,168,653,1433,565,-,59,263,-,-,295,9,577,23,-,40,63,1490,12,412,-,-,12,6,39,640,463,90,-,-,-,18,274,-,-,31
Halmahera Tengah,19169,2369,-,982,1138,5042,162,2721,1464,40,23,95,204,-,17,32,-,905,500,2,150,6,1864,132,454,-,-,41,33,60,542,102,12,-,-,-,72,3,-,-,-
Kepulauan Sula,11422,729,-,950,257,2855,71,1153,1846,71,8,-,-,-,11,27,-,1268,296,-,-,6,1137,210,240,-,-,-,12,11,96,53,24,1,-,-,20,65,-,4,-
Halmahera Selatan,17850,1121,-,2063,171,5984,24,2015,872,229,-,-,-,-,-,-,-,1949,148,-,-,-,1895,16,203,-,50,-,5,3,650,132,0,-,-,-,-,322,-,-,-
Halmahera Utara,21115,2853,-,4020,1455,3910,159,933,1204,433,7,193,613,-,53,936,83,934,53,20,-,-,1405,240,667,43,3,14,4,26,299,419,-,-,4,-,71,-,55,4,-
Halmahera Timur,18784,1187,-,3313,541,4722,103,105,3564,301,-,-,98,-,28,218,36,532,248,-,48,-,2149,91,734,23,21,51,37,-,101,417,18,-,-,-,57,15,-,28,-
Pulau Morotai,21060,4419,-,1421,1409,6426,131,522,400,25,6,19,125,-,-,21,2,880,44,9,-,4,3849,392,209,269,3,17,-,8,203,198,8,-,-,-,28,13,-,-,-
Pulau Taliabu,13951,1509,-,2150,418,3927,72,423,1037,254,-,71,25,-,-,-,27,1516,1473,-,-,-,352,-,358,237,-,-,-,-,10,24,6,-,-,-,-,60,-,-,2
Kota Ternate,20732,2354,-,1152,922,6242,260,1736,2249,178,-,-,231,-,10,50,10,1026,241,-,-,4,1665,155,532,-,-,-,6,50,1134,433,44,-,-,-,6,43,-,-,-
Kota Tidore Kepulauan,23278,2428,-,4768,595,6264,233,1761,1309,225,4,28,-,-,-,-,1,314,157,-,-,12,2775,-,249,-,-,215,-,52,967,421,11,-,-,-,3,482,-,-,6
Fakfak,23634,2906,-,3354,1193,1669,1072,815,2573,460,57,105,489,-,7,177,234,2995,412,41,509,395,1280,814,635,416,133,84,54,88,227,69,52,-,-,-,63,251,6,-,-
Kaimana,20605,1035,-,392,179,2086,763,72,3268,288,8,126,-,-,-,-,136,2744,162,-,7,337,5167,1660,300,684,398,37,17,134,87,120,-,-,-,2,88,306,-,-,-
Teluk Wondama,22497,2132,-,96,505,4905,1611,1818,3121,361,72,619,495,-,30,147,67,1908,380,3,3,178,2104,382,875,249,110,74,12,-,101,9,7,-,-,-,99,22,-,4,-
Teluk Bintuni,27866,3632,-,412,378,1168,351,20,2874,127,513,2014,2422,-,405,679,949,2676,47,-,-,223,4076,2762,181,718,97,50,54,27,57,386,26,6,50,84,252,126,28,-,-
Manokwari,24739,6185,-,989,1678,5027,546,805,1063,211,190,294,2812,-,23,17,832,813,1,-,-,19,976,953,442,68,42,-,-,29,137,235,12,-,1,-,70,139,46,82,4
Sorong Selatan,18437,1384,-,33,202,119,11,80,1107,48,122,3516,798,-,411,322,872,1192,18,172,213,178,4206,2378,2,367,264,48,63,30,114,5,-,-,-,25,88,46,-,-,-
Sorong,18955,2554,-,699,645,1367,74,311,3158,835,8,1460,938,-,27,253,759,961,296,335,103,11,1297,1220,524,378,109,198,85,14,23,191,12,-,-,-,78,9,11,14,-
Raja Ampat,18965,2229,-,272,590,3452,1374,252,941,380,7,18,32,-,-,-,41,5077,930,12,1266,10,91,167,830,152,215,60,95,151,71,40,-,-,-,-,22,181,-,5,-
Tambrauw,11353,1139,-,265,1628,524,92,-,1512,-,37,1396,769,-,-,3,1509,525,279,49,131,2,639,1,-,-,5,473,-,-,3,150,-,-,-,10,147,63,-,-,-
Maybrat,35052,1966,-,4,94,162,30,17,2832,-,57,4903,4731,-,12645,2402,1394,-,-,6,52,23,2616,493,-,12,42,47,-,-,12,17,-,-,-,-,485,9,-,-,-
Manokwari Selatan,25111,3307,-,1223,1310,4040,750,629,1498,16,88,658,2616,-,310,15,286,1435,88,-,-,2034,1515,199,345,238,118,1266,-,50,33,44,27,-,-,-,849,100,3,23,-
Pegunungan Arfak,10041,418,-,102,490,50,-,-,5,-,-,273,4788,-,1168,117,401,-,-,-,-,-,-,-,-,-,-,-,-,-,-,118,2,6,-,-,2090,12,-,-,-
Kota Sorong,23825,3773,-,1212,1672,2664,747,488,5578,1636,69,-,127,-,18,55,131,842,200,-,17,8,1408,1150,724,169,76,101,32,113,433,160,7,-,-,-,31,182,-,3,-
Merauke,21839,273,-,190,8,785,65,8,2662,56,1505,1184,4273,-,12,193,237,2124,-,47,556,13,2358,2183,1358,371,160,20,1,8,60,100,75,66,15,173,338,336,24,4,-
Jayawijaya,23805,1976,-,1095,2694,392,138,-,1479,59,620,92,5074,-,657,638,3476,212,505,16,-,-,231,804,263,-,-,-,-,-,189,68,-,-,-,7,3112,-,-,-,7
Jayapura,24541,4582,-,839,1689,579,335,31,2004,107,264,1164,6819,-,96,1420,814,100,62,-,109,-,914,2,400,-,-,123,74,46,375,313,1,-,-,43,525,712,-,-,-
Nabire,20519,5119,-,337,796,2113,159,213,5661,442,320,209,687,-,22,341,857,1046,-,-,-,-,485,599,307,188,1,-,137,15,59,80,-,4,-,15,306,-,-,-,-
Kepulauan Yapen,25751,2679,-,958,427,4535,1928,909,6030,731,144,89,14,-,-,-,3,1794,357,18,-,332,966,111,958,113,100,274,14,62,1475,100,3,-,-,-,310,249,-,43,25
Biak Numfor,17394,2827,-,977,1537,4197,257,323,181,194,123,-,67,-,18,-,2,1369,2042,-,-,-,2406,64,361,3,129,4,20,4,98,15,40,-,10,-,83,20,-,23,-
Paniai,6405,288,-,-,-,-,-,-,-,-,-,-,1,-,1043,19,-,-,-,-,-,-,-,-,-,-,-,-,-,-,-,-,-,-,-,-,3999,-,-,-,-
Puncak Jaya,18933,12529,-,-,-,-,-,-,819,-,-,-,5,-,70,-,-,-,-,-,-,-,-,-,-,-,-,-,-,-,-,49,-,-,-,-,810,-,-,-,-
Mimika,23061,1610,-,1,112,2,130,4,6,211,471,417,2,-,13,166,721,2506,224,80,332,80,1204,1782,234,1090,295,96,-,-,42,151,4,-,9,-,12,147,0,9,-
Boven Digoel,14035,31,-,120,32,452,-,22,3,-,326,2,2,-,142,47,632,1315,-,5,23,627,906,390,32,-,-,72,14,-,1,866,-,-,-,16,425,241,-,-,-
Mappi,15703,109,-,-,-,598,-,-,990,-,610,5,2,-,54,45,436,1595,-,-,19,528,2352,373,-,99,-,112,14,-,-,49,-,-,6,6,523,136,4,-,-
Asmat,24493,3,-,19,-,114,-,-,183,18,2,4,956,-,22,202,529,4732,78,-,841,180,6731,1508,134,759,141,464,95,-,-,7,-,-,7,26,453,80,-,-,-
Yahukimo,5711,780,-,-,-,-,-,-,-,-,-,447,2,-,397,1747,-,-,-,127,-,-,-,-,-,-,-,-,-,-,-,-,-,-,-,-,145,-,-,-,-
Pegunungan Bintang,20879,248,-,-,73,28,-,-,83,-,-,656,9,-,3808,1592,778,55,-,-,104,-,2562,-,-,-,-,-,-,-,-,-,-,-,-,-,1488,-,-,-,-
Tolikara,3846,-,-,-,-,-,-,-,-,-,-,-,177,-,613,-,-,-,-,-,-,-,-,-,-,-,-,-,-,-,-,-,-,-,-,-,3056,-,-,-,-
Sarmi,22761,1347,-,1,2,1,3,40,3,162,290,994,3,-,32,-,181,1695,-,-,-,115,1497,1554,-,109,39,-,10,3,73,28,-,-,-,1,277,64,36,-,-
Keerom,10544,3039,-,384,36,283,-,11,3,84,45,1,2,-,18,77,341,147,28,-,-,-,106,96,39,-,-,-,30,-,23,67,-,19,-,-,326,5,2,-,-
Waropen,25655,2826,-,425,64,3,2,125,7,10,139,976,397,-,-,-,708,811,12,5,-,-,1515,1863,73,2167,1327,193,134,-,119,9,-,-,-,8,117,22,3,4,-
Supiori,57251,11461,-,3,2,6,1,46,524,3,183,-,-,-,-,-,-,2674,7264,8,-,212,16446,423,3466,9,1749,59,-,-,242,-,-,-,-,-,57,39,-,-,-
Mamberamo Raya,26619,3187,-,605,163,2,1,-,421,-,52,2,8,-,287,2316,642,819,-,-,10,49,3191,98,-,402,279,-,-,-,-,-,-,-,-,2,204,872,-,-,-
Nduga,14749,110,-,-,-,-,-,-,515,-,43,204,438,-,111,-,62,73,-,-,23,-,793,-,31,-,-,1074,-,-,-,-,-,-,-,-,8307,2276,476,-,214
Lanny Jaya,9006,68,-,-,-,-,53,-,817,-,-,-,-,-,-,-,90,-,-,-,-,-,52,-,-,-,-,1050,-,-,-,-,-,-,-,31,6839,5,-,-,-
Mamberamo Tengah,995,-,-,-,-,-,-,-,-,-,-,-,-,-,125,-,-,-,-,-,-,-,-,-,-,-,-,-,-,-,-,-,-,-,-,-,869,-,-,-,-
Yalimo,23836,-,-,-,-,-,1,-,-,-,394,2,10,-,3456,1740,3,136,-,-,-,-,-,-,-,-,-,-,-,-,-,301,-,-,9,70,5363,18,-,-,-
Puncak,263,211,-,53,-,-,-,-,-,-,-,-,-,-,-,-,-,-,-,-,-,-,-,-,-,-,-,-,-,-,-,-,-,-,-,-,-,-,-,-,-
Dogiyai,3571,729,-,-,47,-,-,-,-,-,-,202,2,-,154,-,-,-,-,-,-,-,-,-,-,-,-,99,-,8,51,-,-,-,-,-,93,21,-,-,-
Intan Jaya,8609,632,-,-,-,-,-,-,-,-,-,-,308,-,404,-,-,-,-,-,-,-,-,-,-,-,-,-,-,-,-,-,-,-,-,-,7264,-,-,-,-
Deiyai,4529,351,-,-,-,-,-,-,-,-,-,-,-,-,112,-,-,-,-,-,-,-,-,-,-,-,-,-,-,-,-,-,-,-,-,-,4066,-,-,-,-
Kota Jayapura,29177,7222,-,2,4,3,523,6,5,297,232,135,3,-,113,110,305,416,77,38,59,0,917,942,831,-,52,229,60,3,418,75,-,-,-,-,319,158,7,24,-
,,,,,,,,,,,,,,,,,,,,,,,,,,,,,,,,,,,,,,,,,
,,,,,,,,,,,,,,,,,,,,,,,,,,,,,,,,,,,,,,,,,
,,,,,,,,,,,,,,,,,,,,,,,,,,,,,,,,,,,,,,,,,
,,,,,,,,,,,,,,,,,,,,,,,,,,,,,,,,,,,,,,,,,
,,,,,,,,,,,,,,,,,,,,,,,,,,,,,,,,,,,,,,,,,
,,,,,,,,,,,,,,,,,,,,,,,,,,,,,,,,,,,,,,,,,
